cascade,variant,calib_cost,calib_f1,cost,f1,em
small>large14,router,1044.89462,0.6152320850682423,1049.9496393442623,0.6142037318247514,0.48368462138953944
small>large14,router,3393.1314199999997,0.6334586543323116,3343.6499672131145,0.6360938218797283,0.5014832162373146
small>large14,router,5644.80392,0.6494814842801415,5885.209967213115,0.6500812650437798,0.5141295862607338
small>large14,router,7789.960220000001,0.6640224238960811,8254.551606557376,0.6621326204172181,0.5239656518345043
small>large14,router,9933.92582,0.677531306679964,10363.95226229508,0.6676970262466309,0.5291178766588602
small>large14,router,12110.172620000001,0.6852699791186364,12147.015213114753,0.6745037780912666,0.5352068696330992
small>large14,router,14231.353219999999,0.6963247049483623,14877.602754098361,0.6822581643936623,0.5431693989071038
small>large14,router,16357.31132,0.7002270370933416,16698.208655737704,0.6899986590018383,0.550351288056206
small>large14,router,18557.710219999997,0.7060445279358323,18687.672918032786,0.6958030900638807,0.5556596409055425
small>large14,router,20643.522619999996,0.7122715120628165,21041.582426229506,0.703808018530994,0.5634660421545667
small>large14,router,22854.77012,0.7182107977771022,23300.714229508194,0.7090117890605668,0.5681498829039813
small>large14,router,25004.233519999998,0.7196123383933486,25624.12668852459,0.71214760371863,0.5708040593286495
small>large14,router,27257.728819999997,0.7270821796631899,27706.449967213113,0.7148049380354649,0.5726775956284152
small>large14,router,29425.58192,0.7280706412016514,29771.642754098357,0.7192839480531167,0.5762685402029665
small>large14,router,31562.35922,0.7289544018854122,31627.31750819672,0.7203395615553482,0.5772053083528493
small>large14,router,33753.92342,0.730561435133494,33329.29980327869,0.7225162035446364,0.5781420765027322
small>large14,router,35878.49972,0.734429689101748,35234.02504918033,0.7226890829681014,0.5779859484777518
small>large14,router,38037.82682,0.7359130224350813,37446.346360655734,0.7214907908447507,0.5761124121779859
small>large14,router,40125.71192,0.7375380224350813,40296.14504918032,0.7208492128027042,0.5747072599531616
small>large14,router,42236.161519999994,0.7378404033874623,42601.371278688515,0.7197797262999625,0.5729898516783762
small>large14,router,44440.11781999999,0.7389237367207956,44927.32668852458,0.7187288359984867,0.571584699453552
small>large14,entropy,1044.89462,0.6152320850682423,1049.9496393442623,0.6142037318247514,0.48368462138953944
small>large14,entropy,3220.4505199999994,0.6294194532556106,3095.1568524590166,0.6319549331574379,0.4999219359875098
small>large14,entropy,5413.7640200000005,0.638868244741902,4812.938491803278,0.6396300414648647,0.5060109289617486
small>large14,entropy,7654.382119999999,0.6475640017626592,7126.436196721312,0.6468132561215605,0.5108508977361437
small>large14,entropy,9904.36412,0.6502276464513038,9320.644721311475,0.6552165916048911,0.5186572989851679
small>large14,entropy,12076.318519999999,0.6573075165811739,11741.162098360655,0.6636004864648846,0.5261514441842311
small>large14,entropy,14248.15532,0.6657861768098342,13666.88275409836,0.6711536811008609,0.5341139734582357
small>large14,entropy,16438.631719999998,0.677690938714596,16461.094557377048,0.6778872771084617,0.5406713505074161
small>large14,entropy,18607.17572,0.6843214942701515,18862.865704918033,0.6856857631325985,0.5466042154566745
small>large14,entropy,20716.772719999997,0.6933433196669768,21205.969967213114,0.6922460315519385,0.55160031225605
small>large14,entropy,22933.75322,0.7029627513790557,23544.653901639347,0.6984002734144481,0.5575331772053084
small>large14,entropy,25106.619019999995,0.7104480993644038,25651.851278688526,0.7039584765701165,0.5615925058548009
small>large14,entropy,27200.001920000002,0.712502067618372,27841.795540983607,0.7083626871569969,0.5648711943793912
small>large14,entropy,29366.737820000002,0.7185607510917614,29681.179803278686,0.709117278865921,0.565495706479313
small>large14,entropy,31563.917419999994,0.7239677843398431,31630.727999999996,0.7109192001643297,0.5678376268540203
small>large14,entropy,33720.56912,0.7281118319588908,34045.296524590165,0.7122536501556195,0.5684621389539423
small>large14,entropy,35871.82592,0.7319904033874622,36791.04537704918,0.7145941693813845,0.5698672911787666
small>large14,entropy,40206.341420000004,0.7327904033874623,40953.4748852459,0.7179835105459013,0.5717408274785324
small>large14,entropy,42308.00042,0.7362904033874622,42854.20668852459,0.7188016957434775,0.571584699453552
small>large14,entropy,44440.11781999999,0.7389237367207956,44927.32668852458,0.7187288359984867,0.571584699453552
small>mid5>large14,router,1044.89462,0.6152320850682423,1049.9496393442623,0.6142037318247514,0.48368462138953944
small>mid5>large14,router,1666.61804,0.6294704702941276,1692.7016955503511,0.634959654556692,0.5007025761124122
small>mid5>large14,router,2163.5368399999998,0.632619279817937,2040.6682529274005,0.6368670185952036,0.502263856362217
small>mid5>large14,router,2262.1972400000004,0.6402650909512482,2363.758988290398,0.6453543482659789,0.5106947697111631
small>mid5>large14,router,2828.4089599999998,0.6509340247951821,2906.9692177985953,0.6535399805251749,0.5183450429352069
small>mid5>large14,router,3412.802,0.6649903740015314,3482.877039812647,0.6600422833139752,0.5239656518345043
small>mid5>large14,router,3967.09604,0.6693290464402036,3934.616337236534,0.6655081542764708,0.5292740046838408
small>mid5>large14,router,4460.8385,0.6725100168586742,4480.305892271663,0.6656125205800383,0.5280249804839969
small>mid5>large14,router,4550.765179999999,0.676983870211204,4636.189320843092,0.6718038422817607,0.5352068696330992
small>mid5>large14,router,5107.7490800000005,0.6821882225582033,5209.95331147541,0.6789313119150853,0.5420765027322404
small>mid5>large14,router,5976.5916799999995,0.6889035130683469,5938.2444028103055,0.6784284062296474,0.5402029664324747
small>mid5>large14,router,6632.74178,0.6955650082724891,6652.926426229509,0.6859260772636182,0.5475409836065573
small>mid5>large14,router,7903.85078,0.7003209606534415,8025.688393442623,0.6897008372096647,0.5514441842310694
small>mid5>large14,router,8685.19004,0.7005424974499782,8578.936262295081,0.7002487351611487,0.5615925058548009
small>mid5>large14,router,8802.976279999999,0.7042889620964429,9137.527081967211,0.6926315607492876,0.5544106167056987
small>mid5>large14,router,9345.83726,0.706155562163043,9330.64843091335,0.7039671747578086,0.565183450429352
small>mid5>large14,router,9679.81658,0.7063798287461331,10174.92249180328,0.6927574575675663,0.5545667447306791
small>mid5>large14,router,9936.11294,0.7084218320043129,9947.052234192039,0.7079909599759732,0.5690866510538641
small>mid5>large14,router,10572.21068,0.7084496097820906,10550.716608899296,0.7116742183430722,0.5714285714285714
small>mid5>large14,router,10785.2258,0.7090144671469479,10949.741770491804,0.7053351628825631,0.5665886026541764
small>mid5>large14,router,11148.70406,0.7135543716868524,11324.831381733022,0.7095433437920803,0.570335675253708
small>mid5>large14,router,11858.78474,0.7159539748614556,12038.161086651055,0.7135619247427456,0.5740827478532396
small>mid5>large14,router,12544.43618,0.7164817526392335,12751.002510538641,0.7174124631366096,0.5765807962529274
small>mid5>large14,router,12729.850760000001,0.7194318969393778,12848.834660421546,0.7123596354022831,0.5733021077283372
small>mid5>large14,router,13213.82804,0.720323540078847,13308.498117096018,0.7174496364758907,0.5759562841530055
small>mid5>large14,router,13572.79004,0.7227791191616,13625.839119437936,0.7166384297279157,0.5773614363778298
small>mid5>large14,router,14372.851580000002,0.7242235636060446,14461.141526932082,0.7206105249412287,0.580015612802498
small>mid5>large14,router,14591.073859999999,0.724523540078847,14612.629395784543,0.7190473632657927,0.5764246682279469
small>mid5>large14,router,14971.68614,0.7252033191446234,15117.210922716627,0.717254260759782,0.5779859484777518
small>mid5>large14,router,15164.72384,0.728415351045658,15051.4154941452,0.720759218298353,0.5795472287275566
small>mid5>large14,router,15851.32532,0.7285128257931327,15849.492721311475,0.7200309698231696,0.5758001561280249
small>mid5>large14,router,15906.5387,0.7311986843789913,15696.646107728337,0.721200482503221,0.5792349726775956
small>mid5>large14,router,16657.51166,0.7333653510456579,16510.469395784545,0.7234498412631184,0.580327868852459
small>mid5>large14,router,17356.052779999998,0.7358070177123246,17112.36708196721,0.7238200877223578,0.580015612802498
small>mid5>large14,router,17969.96282,0.7373546367599437,17875.696655737705,0.7253467967666312,0.58064012490242
small>mid5>large14,router,18698.310439999997,0.7391879700932771,18751.801648711946,0.7253111299258367,0.580327868852459
small>mid5>large14,router,19372.593679999998,0.7403213034266104,19433.16058079625,0.7252755674312581,0.579703356752537
small>mid5>large14,router,20844.554539999997,0.7414880996454526,20750.014763466042,0.7277819105878286,0.5829820452771273
small>mid5>large14,router,21518.837779999998,0.7426214329787858,21470.339597189697,0.7280898297482067,0.5828259172521467
small>mid5>large14,router,23034.03134,0.7441448456771986,22759.629845433254,0.7291730417916059,0.5848555815768931
small>mid5>large14,router,23732.216780000002,0.7452781790105321,23524.896974238876,0.7293248329270037,0.5845433255269321
small>mid5>large14,router,25989.137179999998,0.7456444294267823,25648.92189227167,0.7305789179183007,0.5864168618266979
small>mid5>large14,router,28194.97508,0.746375396172455,27772.129761124124,0.731866835049309,0.5882903981264637
small>mid5>large14,entropy,1044.89462,0.6152320850682423,1049.9496393442623,0.6142037318247514,0.48368462138953944
small>mid5>large14,entropy,1637.70776,0.6252716538328111,1593.2502857142858,0.6304351077307382,0.49804839968774395
small>mid5>large14,entropy,2181.13736,0.6283049871661445,2038.849629976581,0.6320506801191442,0.4992974238875878
small>mid5>large14,entropy,2221.73504,0.6320894929381502,2056.2845526932083,0.638147223440512,0.5047619047619047
small>mid5>large14,entropy,2810.9363,0.6387370009856582,2670.179353629977,0.6456641047774788,0.5106947697111631
small>mid5>large14,entropy,3394.6206799999995,0.6419223184459757,3255.9973395784546,0.653933899180857,0.5186572989851679
small>mid5>large14,entropy,3969.6563600000004,0.645456607767765,3891.734950819672,0.6616780410757082,0.5266198282591725
small>mid5>large14,entropy,4546.978039999999,0.653822480783638,4399.090135831382,0.6683507474775664,0.5327088212334113
small>mid5>large14,entropy,5126.8600400000005,0.6621880651992226,5141.602922716627,0.6734378908730169,0.5373926619828259
small>mid5>large14,entropy,5699.63258,0.6639889504251077,5776.0794566744735,0.6781402969860855,0.5406713505074161
small>mid5>large14,entropy,6252.303559999999,0.670202045663203,6398.466304449648,0.6813875943885878,0.5434816549570648
small>mid5>large14,entropy,6832.05602,0.6754184895134704,7019.715803278688,0.686103663296694,0.5476971116315379
small>mid5>large14,entropy,7432.1996,0.681910156180137,7573.074135831383,0.6894983313145885,0.5498829039812646
small>mid5>large14,entropy,8557.68884,0.6889676653376462,8630.125770491804,0.6927899841495667,0.5530054644808743
small>mid5>large14,entropy,9153.94622,0.6927520573948643,9154.56974238876,0.6929383726985615,0.5542544886807181
small>mid5>large14,entropy,9722.276300000001,0.6951461050139119,9793.63136299766,0.6948007934584308,0.5551912568306011
small>mid5>large14,entropy,10294.469720000001,0.6977461050139119,10517.132814988292,0.6968123286315585,0.5562841530054645
small>mid5>large14,entropy,10643.75114,0.6996301653376462,10230.15593442623,0.6997687045357812,0.5590944574551132
small>mid5>large14,entropy,11285.06402,0.7042717002520071,10796.8018735363,0.7000211784347631,0.5603434816549571
small>mid5>large14,entropy,11922.9545,0.7068324145377214,11484.565133489463,0.7022995579278524,0.5615925058548009
small>mid5>large14,entropy,12495.14792,0.7094324145377214,12243.534782201405,0.7043527272409749,0.5628415300546448
small>mid5>large14,entropy,13718.877620000001,0.7131657478710548,13411.140421545668,0.7070573164326834,0.5645589383294302
small>mid5>large14,entropy,14276.044400000002,0.7157371764424834,13905.699241217797,0.7078085896195538,0.5644028103044496
small>mid5>large14,entropy,15982.69232,0.7183574145377215,15724.064355971897,0.7113103326301825,0.5683060109289617
small>mid5>large14,entropy,16539.859099999998,0.7209288431091501,16226.43563466042,0.7120616058170528,0.5681498829039813
small>mid5>large14,entropy,18706.889,0.7232640959282264,18456.396946135832,0.7161085977397852,0.5722092115534738
small>mid5>large14,entropy,19375.19558,0.7236498102139406,19029.66681030445,0.7175709969071024,0.5739266198282592
small>mid5>large14,entropy,20193.698419999997,0.7261239333130637,20103.60861826698,0.7188440446769129,0.5756440281030445
small>mid5>large14,entropy,20769.6959,0.7286953618844922,20681.373339578455,0.7198295099012538,0.5758001561280249
small>mid5>large14,entropy,21473.326579999997,0.7292953618844922,21277.97041686183,0.721291909068571,0.5775175644028103
small>mid5>large14,entropy,22414.280420000003,0.732295814699651,22591.45451990632,0.7210513704976839,0.5782982045277127
small>mid5>large14,entropy,22990.277899999997,0.7348672432710796,23214.3130117096,0.7220888783970185,0.5784543325526932
small>mid5>large14,entropy,23693.908580000003,0.7354672432710795,23825.63992505855,0.7237074055893162,0.580327868852459
small>mid5>large14,entropy,27328.7624,0.7365743888464477,27389.044159250585,0.7234412299666685,0.58064012490242
small>mid5>large14,entropy,28070.039780000003,0.7371743888464476,28053.49762997658,0.7249816931464759,0.5825136612021858
small>mid5>large14,entropy,31520.570299999996,0.7372073780794369,32234.889405152222,0.7228373080509268,0.579703356752537
small>mid5>large14,entropy,32410.773379999995,0.7378073780794369,32941.22353161592,0.7243777712307341,0.5815768930523029
small>mid5>large14,entropy,33550.1699,0.7387560960281548,34047.650716627635,0.7231572691203023,0.580015612802498
small>mid5>large14,entropy,34509.565879999995,0.7394560960281549,34783.73828571429,0.7245416042751291,0.5817330210772834
small>mid5>large14,entropy,38786.61908,0.739552308149367,39560.1940234192,0.7209370097583458,0.5770491803278689
small>mid5>large14,entropy,40849.323079999995,0.7400527049747638,41476.752711943795,0.7207819462426267,0.5768930523028883
small>mid3>large14,router,1044.89462,0.6152320850682423,1049.9496393442623,0.6142037318247514,0.48368462138953944
small>mid3>large14,router,1441.13462,0.6221688524675097,1451.5028196721312,0.6288027556067085,0.4958626073380172
small>mid3>large14,router,1815.0785,0.6276323528560102,1834.2469133489462,0.6379445123973151,0.5058548009367682
small>mid3>large14,router,2177.7447800000004,0.6367524771761345,2270.2988852459016,0.6459540035124246,0.5128805620608899
small>mid3>large14,router,2530.85558,0.6473665464402037,2614.268421545668,0.649583437402225,0.5156908665105386
small>mid3>large14,router,2898.3529399999998,0.65481151617635,2935.333939110071,0.6534167296195923,0.5209992193598751
small>mid3>large14,router,3268.08296,0.6612364801013138,3344.7866978922716,0.658879013887497,0.527088212334114
small>mid3>large14,router,3615.9512,0.6652507530832338,3645.848674473068,0.6657184351999862,0.5341139734582357
small>mid3>large14,router,3982.51892,0.6692317054641862,3997.134838407494,0.671554573570909,0.5402029664324747
small>mid3>large14,router,4324.3292599999995,0.6744713880038689,4395.042791569086,0.6748417837764276,0.5427010148321624
small>mid3>large14,router,4678.247780000001,0.6771082622407429,4769.544674473068,0.6814147454664852,0.5486338797814208
small>mid3>large14,router,5038.09466,0.6830725479550288,5164.732983606557,0.6849122515166846,0.5526932084309133
small>mid3>large14,router,5417.19728,0.6846792939867749,5486.538491803279,0.6867393757325675,0.5548790007806401
small>mid3>large14,router,5787.47594,0.6867792939867747,5845.0008992974235,0.6904118328820875,0.5575331772053084
small>mid3>large14,router,6153.73124,0.6892988592041661,6104.026173302108,0.6919966562467703,0.5589383294301327
small>mid3>large14,router,6283.9421600000005,0.691326516208997,6699.01131615925,0.6922216159110467,0.5578454332552694
small>mid3>large14,router,6663.96788,0.6939633904458713,7118.634510538642,0.6992889830135426,0.5640905542544887
small>mid3>large14,router,7072.86866,0.700427676160157,7594.628065573771,0.7036191718636379,0.5689305230288837
small>mid3>large14,router,7466.78888,0.702534422191903,7995.333901639345,0.7062554772551437,0.5717408274785324
small>mid3>large14,router,7874.06744,0.705634422191903,8410.567456674473,0.7103130501996157,0.5748633879781421
small>mid3>large14,router,8258.68304,0.7086539874092943,8700.209124121779,0.7123439536356714,0.5765807962529274
small>mid3>large14,router,8627.52482,0.7102706540759609,9033.777611241218,0.7134834066018223,0.5770491803278689
small>mid3>large14,router,9011.452039999998,0.7121373207426277,9384.606407494146,0.7137239181069707,0.5765807962529274
small>mid3>large14,router,9405.64286,0.7133345429648499,9802.145330210771,0.714581135310792,0.5768930523028883
small>mid3>large14,router,9774.855440000001,0.7147178762981832,10279.235428571428,0.7162446618085353,0.5778298204527713
small>mid3>large14,router,10121.40542,0.7150488286791356,10659.251840749414,0.7156049086395081,0.5773614363778298
small>mid3>large14,router,10320.85784,0.7169059715362784,10321.404533957846,0.7190865539965386,0.5823575331772053
small>mid3>large14,router,10708.79492,0.7185226382029453,10654.973021077281,0.7202260069626896,0.5828259172521467
small>mid3>large14,router,11129.20754,0.7213893048696118,11053.952637002341,0.7207676225160148,0.5826697892271663
small>mid3>large14,router,11549.52026,0.723086527091834,11508.290903981264,0.7220515896547828,0.5834504293520687
small>mid3>large14,router,11918.73284,0.7244698604251674,12020.858379391098,0.7238972655150032,0.5845433255269321
small>mid3>large14,router,12299.18102,0.7255508128061198,12400.874791569086,0.7232575123459759,0.5840749414519907
small>mid3>large14,router,12666.9146,0.7269174794727864,12848.065573770491,0.7229946968372589,0.5832943013270883
small>mid3>large14,router,13364.63654,0.7289153876104003,13175.200505854802,0.724752578491603,0.5856362217017955
small>mid3>large14,router,13828.214239999998,0.7306652668374535,13590.122210772832,0.721878374891404,0.5853239656518345
small>mid3>large14,router,14219.63564,0.731595943165956,14188.434772833723,0.7281632519355563,0.5876658860265418
small>mid3>large14,router,14280.361640000001,0.7338848320548448,13982.551419203748,0.7240654063524402,0.5871975019516004
small>mid3>large14,router,14860.163120000001,0.7368348320548448,14430.35531615925,0.7258593865070762,0.5881342701014832
small>mid3>large14,router,15363.57194,0.7402014987215116,14902.194604215456,0.7268968944064108,0.5886026541764247
small>mid3>large14,router,15913.74446,0.7419987209437336,15420.207625292738,0.728076776195192,0.5893832943013271
small>mid3>large14,router,16301.229140000001,0.743882054277067,16029.320018735363,0.730142126925648,0.5906323185011709
small>mid3>large14,router,16712.82662,0.7449630066580195,16463.353480093676,0.7301268858565427,0.5907884465261515
small>mid3>large14,router,17135.2148,0.7471630066580194,16947.733770491803,0.7299967791690589,0.5901639344262295
small>mid3>large14,router,19267.1411,0.7477490392528756,19347.83868852459,0.7316174410122032,0.5903200624512099
small>mid3>large14,router,20897.843119999998,0.7484752297290661,20629.79938173302,0.7340820689335056,0.5934426229508196
small>mid3>large14,router,21443.696600000003,0.7497585630623994,21204.950163934427,0.7341601329459959,0.5931303669008587
small>mid3>large14,router,23007.23432,0.7514403090941455,22960.3036440281,0.7343642784966079,0.5923497267759563
small>mid3>large14,router,23627.6756,0.7528236424274787,23607.699016393442,0.7342862144841177,0.5918813427010148
small>mid3>large14,entropy,1044.89462,0.6152320850682423,1049.9496393442623,0.6142037318247514,0.48368462138953944
small>mid3>large14,entropy,1420.85018,0.6223964706826279,1392.9293489461359,0.6278737463754659,0.4964871194379391
small>mid3>large14,entropy,1787.6541200000001,0.6269928812165385,1683.4363466042155,0.6342754429528065,0.501951600312256
small>mid3>large14,entropy,2163.12962,0.6330332464069038,2069.873255269321,0.6405258810444071,0.507416081186573
small>mid3>large14,entropy,2527.98284,0.6356161829148401,2433.974819672131,0.6480814993217067,0.5149102263856362
small>mid3>large14,entropy,2893.20944,0.6377512811499384,2837.7051428571426,0.6550560844351541,0.5217798594847776
small>mid3>large14,entropy,3251.4027800000003,0.6444953592940166,3158.9848056206088,0.6612359399460348,0.5278688524590164
small>mid3>large14,entropy,3613.90904,0.6529703592940166,3626.04262295082,0.6663218229241894,0.5336455893832943
small>mid3>large14,entropy,3975.18848,0.6557180393916967,4028.68556440281,0.670625349575147,0.537080405932865
small>mid3>large14,entropy,4322.56142,0.6606124533111106,4417.394791569087,0.6731443376307102,0.5400468384074941
small>mid3>large14,entropy,4687.9709,0.6687931828756637,4803.122641686183,0.678504507862075,0.5451990632318501
small>mid3>large14,entropy,5061.503299999999,0.6755598495423303,5149.243147540984,0.681220514615828,0.5467603434816549
small>mid3>large14,entropy,5424.0552800000005,0.6776209606534415,5505.092983606558,0.6833116483931444,0.5489461358313817
small>mid3>large14,entropy,5789.274260000001,0.6851114368439176,5809.547971896956,0.6843827981645284,0.5500390320062452
small>mid3>large14,entropy,6156.48206,0.6882143353946423,6142.06074004684,0.6858415250565104,0.5523809523809524
small>mid3>large14,entropy,6861.3854,0.6907440972994042,7005.163447306792,0.6898528746046528,0.5545667447306791
small>mid3>large14,entropy,7577.10914,0.6942663195216264,7689.485845433256,0.6923015873109768,0.5565964090554254
small>mid3>large14,entropy,7779.09566,0.6975451670026478,7822.651578454333,0.6965892646098706,0.5603434816549571
small>mid3>large14,entropy,8256.97976,0.7026980655533724,8168.503362997658,0.6982933355411078,0.5628415300546448
small>mid3>large14,entropy,8680.004120000001,0.7028599703152772,8644.729798594848,0.701626446580732,0.5650273224043716
small>mid3>large14,entropy,9033.031100000002,0.7054361607914678,9155.939840749415,0.7034037039317598,0.5662763466042154
small>mid3>large14,entropy,9768.026539999999,0.7094583830136899,9912.708796252928,0.706154264153046,0.5687743950039033
small>mid3>large14,entropy,10117.37306,0.7114583830136898,10219.961948477752,0.7074311683573508,0.5697111631537861
small>mid3>large14,entropy,11847.062239999997,0.7124976687279757,11744.780927400468,0.7115887516015851,0.5728337236533958
small>mid3>large14,entropy,12235.922359999999,0.7154976687279757,12052.034079625293,0.7128656558058898,0.5737704918032787
small>mid3>large14,entropy,14051.680040000001,0.7179910591610719,13744.554697892272,0.7161307669123012,0.5775175644028103
small>mid3>large14,entropy,14440.54016,0.7209910591610719,14080.312768149883,0.7174076711166059,0.5784543325526932
small>mid3>large14,entropy,15290.8946,0.7236825426775555,14629.719512880563,0.7161045471436925,0.5770491803278689
small>mid3>large14,entropy,16139.770940000002,0.7276047648997775,15647.246501170961,0.7199926115469797,0.580327868852459
small>mid3>large14,entropy,16528.63106,0.7306047648997775,16012.973751756439,0.7212695157512843,0.5812646370023419
small>mid3>large14,entropy,16978.6745,0.7312047648997777,16382.147540983606,0.721951274793699,0.5822014051522248
small>mid3>large14,entropy,19288.897100000002,0.7321870845409209,19060.044590163932,0.7243891019504958,0.5828259172521467
small>mid3>large14,entropy,21085.631060000003,0.7349886718425082,20849.712112412177,0.7239755688456031,0.5822014051522248
small>mid3>large14,entropy,21625.462099999997,0.7360886718425083,21272.622950819674,0.7250476479504692,0.5836065573770491
small>mid3>large14,entropy,26034.271399999998,0.7376284959073323,25695.64983606557,0.7271029501814155,0.585167837626854
small>mid3>large14,entropy,28116.7322,0.7391034043322406,28113.05049180328,0.7266202334216632,0.5846994535519126
small>mid3>large14,entropy,30257.287399999997,0.7405700709989074,30392.40655737705,0.7254656364356844,0.5834504293520687
small>mid3>large14,entropy,34474.849700000006,0.7415031018001608,35014.7337704918,0.7250150082625738,0.5817330210772834
small>mid3>large14,entropy,42958.94,0.7419070700541288,43924.61836065573,0.7211142057083757,0.5753317720530835
small>mid3>mid5>large14,router,1044.89462,0.6152320850682423,1049.9496393442623,0.6142037318247514,0.48368462138953944
small>mid3>mid5>large14,router,1440.9365,0.6217938524675097,1462.9524496487122,0.6298124454571479,0.49695550351288054
small>mid3>mid5>large14,router,1638.866,0.6265938524675098,1625.2340608899299,0.6320962229165693,0.4986729117876659
small>mid3>mid5>large14,router,1762.3023799999999,0.6275105191341765,1704.9864918032788,0.6327021410579606,0.49914129586260736
small>mid3>mid5>large14,router,1806.8260400000001,0.6282331687068261,1783.8442716627635,0.6330852292162245,0.49914129586260736
small>mid3>mid5>large14,router,1875.3146000000002,0.6291260258496831,1840.7307540983606,0.633850428107887,0.4999219359875098
small>mid3>mid5>large14,router,1998.0347000000002,0.6293593591830164,2045.9294426229508,0.6349083813438262,0.5005464480874317
small>mid3>mid5>large14,router,2022.3425,0.6298593591830164,2078.441442622951,0.6345961252938652,0.5002341920374708
small>mid3>mid5>large14,router,2131.4761399999998,0.6319499810611384,2136.3582014051526,0.6415663993416475,0.5086651053864168
small>mid3>mid5>large14,router,2176.44938,0.6377953343189915,2263.4795503512883,0.6453414651407344,0.5124121779859485
small>mid3>mid5>large14,router,2536.9820600000003,0.6452165464402038,2597.5984074941452,0.6491872935166197,0.5153786104605776
small>mid3>mid5>large14,router,2900.91326,0.6549769007917345,2909.8530398126463,0.6534105791216384,0.5209992193598751
small>mid3>mid5>large14,router,3270.47564,0.6617364801013139,3327.9762997658077,0.6597064924198937,0.5281811085089774
small>mid3>mid5>large14,router,3618.21434,0.6679293245118053,3640.9851990632324,0.6646358856045559,0.5328649492583919
small>mid3>mid5>large14,router,3729.2225,0.6686207749731087,3830.4822857142854,0.6669406797240122,0.5336455893832943
small>mid3>mid5>large14,router,4094.09096,0.6754564765264574,4165.581451990633,0.6723124356461195,0.5384855581576893
small>mid3>mid5>large14,router,4514.02916,0.6780076670026477,4533.789845433255,0.6743620326130604,0.5398907103825137
small>mid3>mid5>large14,router,4639.857859999999,0.6784415955740765,4952.785386416862,0.6773168535545186,0.5434816549570648
small>mid3>mid5>large14,router,4853.37062,0.6835441749391558,4949.217255269321,0.6847728968453877,0.5505074160811866
small>mid3>mid5>large14,router,5223.794059999999,0.6837005546705356,5187.841629976581,0.6772784231875305,0.5414519906323185
small>mid3>mid5>large14,router,5224.97516,0.6837973190172998,5318.439269320843,0.689590099765635,0.5548790007806401
small>mid3>mid5>large14,router,5337.85784,0.6855953654153463,5358.196515222482,0.6871050111908646,0.5520686963309914
small>mid3>mid5>large14,router,5439.63818,0.6859124594324403,5436.583175644028,0.6780398514548136,0.542232630757221
small>mid3>mid5>large14,router,5484.60332,0.6860292939867747,5800.733976580797,0.6899490555812654,0.5556596409055425
small>mid3>mid5>large14,router,5592.76208,0.6918354142553951,5755.564346604216,0.6949134172669384,0.5604996096799375
small>mid3>mid5>large14,router,5978.052140000001,0.6926159698109506,6103.345667447306,0.6976738191718506,0.5634660421545667
small>mid3>mid5>large14,router,6102.06764,0.6938866047315855,6225.265667447307,0.6973782404336489,0.5622170179547229
small>mid3>mid5>large14,router,6243.38408,0.6946776761601571,6651.3623793911,0.7001412360110818,0.5656518345042936
small>mid3>mid5>large14,router,6343.11872,0.6961659698109506,6474.292740046839,0.7015366342993027,0.5659640905542545
small>mid3>mid5>large14,router,6714.6318200000005,0.6997188683616753,6756.774051522248,0.7025365971259635,0.566432474629196
small>mid3>mid5>large14,router,7152.00044,0.7003395809220617,7493.220421545667,0.7041826712765148,0.5683060109289617
small>mid3>mid5>large14,router,7274.25986,0.7019700588378658,7272.661733021078,0.7062556487600172,0.5692427790788447
small>mid3>mid5>large14,router,7383.61412,0.7025611302664372,7709.017330210773,0.7079279785629435,0.571584699453552
small>mid3>mid5>large14,router,7386.090980000001,0.7028413971613781,7460.783531615924,0.6993633205803217,0.5631537861046058
small>mid3>mid5>large14,router,7812.59,0.7033688683616752,7726.842285714286,0.7048228694756055,0.5672131147540984
small>mid3>mid5>large14,router,7834.2689,0.7040867560295629,7768.529217798595,0.7090046891202989,0.571584699453552
small>mid3>mid5>large14,router,7920.6989,0.7042217543042352,8087.352093676815,0.7065847032804203,0.570335675253708
small>mid3>mid5>large14,router,7942.46528,0.7045171908121717,7932.269395784544,0.7069641067518475,0.5695550351288057
small>mid3>mid5>large14,router,7952.6795600000005,0.7048701364776173,8314.437714285714,0.7121084421172876,0.5750195160031225
small>mid3>mid5>large14,router,7958.046020000001,0.7051694635997705,8313.886182669788,0.709458554555204,0.5733021077283372
small>mid3>mid5>large14,router,8126.83958,0.7052111302664372,8396.397583138172,0.7095116748001732,0.5722092115534738
small>mid3>mid5>large14,router,8242.91732,0.7074861302664371,8658.657985948477,0.7101311295961495,0.5739266198282592
small>mid3>mid5>large14,router,8342.55296,0.7084230350283419,8653.63550351288,0.7133686183189158,0.5756440281030445
small>mid3>mid5>large14,router,8610.713719999998,0.7090384209709019,8621.710145199064,0.7072793352162703,0.5708040593286495
small>mid3>mid5>large14,router,8768.660119999999,0.7091094527169336,8974.831025761125,0.7151249780143858,0.5776736924277908
small>mid3>mid5>large14,router,8775.140780000002,0.7113653274581344,8670.54924590164,0.7080059313306607,0.5698672911787666
small>mid3>mid5>large14,router,8989.69928,0.7130836590661398,9170.899597189695,0.707829247183044,0.5711163153786104
small>mid3>mid5>large14,router,9413.417060000002,0.7132249289074097,9639.731278688523,0.7076815195783662,0.570647931303669
small>mid3>mid5>large14,router,9493.93268,0.7142594527169336,9576.397264637002,0.7154032685502876,0.5776736924277908
small>mid3>mid5>large14,router,9525.415760000002,0.7143046908121716,9660.898398126465,0.7115034791008356,0.5747072599531616
small>mid3>mid5>large14,router,9590.023580000001,0.714681994124801,9444.795971896956,0.7092973212100104,0.5700234192037471
small>mid3>mid5>large14,router,9916.98356,0.7178123512676582,9925.395765807963,0.7166634447519157,0.5782982045277127
small>mid3>mid5>large14,router,9974.22494,0.7180546908121717,10202.22068384075,0.7158949277077408,0.5778298204527713
small>mid3>mid5>large14,router,10415.39618,0.7216075893628963,10566.649573770494,0.7173112319343495,0.5786104605776737
small>mid3>mid5>large14,router,10858.93166,0.7220242560295629,10925.150988290397,0.7180316174556719,0.5787665886026542
small>mid3>mid5>large14,router,10983.319340000002,0.7221655258708327,11134.730154566745,0.716772440800435,0.5776736924277908
small>mid3>mid5>large14,router,11190.31202,0.7231706846009915,11017.591531615924,0.7194120295310832,0.5793911007025762
small>mid3>mid5>large14,router,11295.017780000002,0.7247575893628962,11389.336299765808,0.7192791765886146,0.5795472287275566
small>mid3>mid5>large14,router,11857.162339999999,0.7276325893628963,11730.400618266978,0.7203720727634779,0.580015612802498
small>mid3>mid5>large14,router,12249.96212,0.7287548115851186,12251.672393442625,0.721438204134059,0.5804839968774395
small>mid3>mid5>large14,router,12660.250460000001,0.7300690972994042,12765.789058548007,0.7217281757453669,0.58064012490242
small>mid3>mid5>large14,router,13032.67034,0.7317690972994042,13200.768899297425,0.7217776162866105,0.5801717408274786
small>mid3>mid5>large14,router,14111.229079999997,0.7331643353946423,14230.675316159251,0.7245309871865291,0.5848555815768931
small>mid3>mid5>large14,router,14494.71566,0.7343639385692454,14700.414669789228,0.724660514093378,0.5842310694769711
small>mid3>mid5>large14,router,14692.359139999999,0.7346829861882932,14894.902014051524,0.7253016268952566,0.5834504293520687
small>mid3>mid5>large14,router,14699.49554,0.7360393353946423,14641.39537236534,0.7254417339989153,0.5853239656518345
small>mid3>mid5>large14,router,15172.51322,0.7379115576168644,15204.024524590166,0.7268201214194573,0.586104605776737
small>mid3>mid5>large14,router,15601.79396,0.7395591766644837,15784.597583138175,0.7271361143682618,0.5862607338017174
small>mid3>mid5>large14,router,16011.62534,0.7412591766644836,16238.195128805623,0.7271231036995134,0.585792349726776
small>mid3>mid5>large14,router,16831.68416,0.742485367140674,17077.949714285714,0.7290304963329014,0.5884465261514442
small>mid3>mid5>large14,router,17241.51554,0.7441853671406741,17546.401030444966,0.7291736136891335,0.5881342701014832
small>mid3>mid5>large14,router,18112.23056,0.744578037542168,18163.89987822014,0.7300780522984901,0.5896955503512881
small>mid3>mid5>large14,router,18372.263479999998,0.7452877480930549,18610.371747072597,0.7295892298190353,0.5881342701014832
small>mid3>mid5>large14,router,18522.061939999996,0.746278037542168,18632.351194379393,0.7302211696547223,0.5893832943013271
small>mid3>mid5>large14,router,19527.497839999996,0.7478865512506817,19520.722341920373,0.7310979986111764,0.5901639344262295
small>mid3>mid5>large14,router,20191.795459999998,0.7487231479872785,20025.79430444965,0.730309799907287,0.5898516783762685
small>mid3>mid5>large14,router,20601.62684,0.7504231479872784,20512.78988290398,0.7304529172635189,0.5895394223263076
small>mid3>mid5>large14,router,21241.90004,0.7513719575110879,21130.63053864169,0.7311762690143431,0.5901639344262295
small>mid3>mid5>large14,router,21563.859439999997,0.7516219575110878,21473.30463700234,0.7316621583526912,0.5904761904761905
small>mid3>mid5>large14,router,22001.537239999998,0.7518758790797153,21840.297423887587,0.7316852204008256,0.5906323185011709
small>mid3>mid5>large14,router,22027.33574,0.7522758790797154,21866.46594847775,0.7315464399341763,0.5906323185011709
small>mid3>mid5>large14,router,28473.79478,0.7530742690883996,28099.066435597186,0.7360384321786139,0.5931303669008587
small>mid3>mid5>large14,router,28970.7398,0.7533968881360186,28182.90012177986,0.7358769816073272,0.5928181108508978
small>mid3>mid5>large14,router,30351.2315,0.753445697659828,29417.966351288058,0.7362877301094107,0.5929742388758782
small>mid3>mid5>large14,entropy,1044.89462,0.6152320850682423,1049.9496393442623,0.6142037318247514,0.48368462138953944
small>mid3>mid5>large14,entropy,1420.85018,0.6223964706826279,1392.9293489461359,0.6278737463754659,0.4964871194379391
small>mid3>mid5>large14,entropy,1577.55548,0.6241476611588185,1532.775681498829,0.6296387174612801,0.49773614363778296
small>mid3>mid5>large14,entropy,1735.60952,0.6245026062137634,1662.9164777517562,0.6298873585764316,0.4975800156128025
small>mid3>mid5>large14,entropy,1774.25054,0.6245859395470968,1719.0772459016393,0.6303362266482505,0.49804839968774395
small>mid3>mid5>large14,entropy,1787.6541200000001,0.6269928812165385,1683.4363466042155,0.6342754429528065,0.501951600312256
small>mid3>mid5>large14,entropy,2036.48522,0.6294107383593955,1910.3231850117097,0.6366925695853897,0.5039812646370023
small>mid3>mid5>large14,entropy,2163.12962,0.6330332464069038,2069.873255269321,0.6405258810444071,0.507416081186573
small>mid3>mid5>large14,entropy,2465.00354,0.6358344368830943,2358.14362529274,0.6435987453819084,0.5094457455113193
small>mid3>mid5>large14,entropy,2862.11222,0.6386495162481736,2776.297817330211,0.6511474428581009,0.517096018735363
small>mid3>mid5>large14,entropy,3133.11854,0.6394511035497608,2919.052477751756,0.6456159137456811,0.5113192818110851
small>mid3>mid5>large14,entropy,3251.4027800000003,0.6444953592940166,3158.9848056206088,0.6612359399460348,0.5278688524590164
small>mid3>mid5>large14,entropy,3613.90904,0.6529703592940166,3626.04262295082,0.6663218229241894,0.5336455893832943
small>mid3>mid5>large14,entropy,3975.18848,0.6557180393916967,4028.68556440281,0.670625349575147,0.537080405932865
small>mid3>mid5>large14,entropy,4080.99218,0.6580007164368737,4054.5566838407494,0.6708330658918314,0.5369242779078844
small>mid3>mid5>large14,entropy,4322.56142,0.6606124533111106,4417.394791569087,0.6731443376307102,0.5400468384074941
small>mid3>mid5>large14,entropy,4453.694,0.6607483965345538,4489.7830070257605,0.6761826503101579,0.5411397345823575
small>mid3>mid5>large14,entropy,4687.9709,0.6687931828756637,4803.122641686183,0.678504507862075,0.5451990632318501
small>mid3>mid5>large14,entropy,5061.503299999999,0.6755598495423303,5149.243147540984,0.681220514615828,0.5467603434816549
small>mid3>mid5>large14,entropy,5424.0552800000005,0.6776209606534415,5505.092983606558,0.6833116483931444,0.5489461358313817
small>mid3>mid5>large14,entropy,5582.3684,0.6806068733518541,5662.563466042155,0.6885955916416833,0.5523809523809524
small>mid3>mid5>large14,entropy,5789.274260000001,0.6851114368439176,5809.547971896956,0.6843827981645284,0.5500390320062452
small>mid3>mid5>large14,entropy,6156.48206,0.6882143353946423,6142.06074004684,0.6858415250565104,0.5523809523809524
small>mid3>mid5>large14,entropy,6319.85486,0.6901584606534414,6335.762210772834,0.691523683152913,0.5553473848555815
small>mid3>mid5>large14,entropy,6717.54266,0.6941542163470232,6671.541882903982,0.6931857700774325,0.5578454332552694
small>mid3>mid5>large14,entropy,7323.953060000001,0.6961376273201081,7222.471718969555,0.695884258824964,0.5592505854800937
small>mid3>mid5>large14,entropy,7444.82594,0.6966839782517851,7568.379597189695,0.6983173382048101,0.560967993754879
small>mid3>mid5>large14,entropy,7766.696359999999,0.7009905258708327,7558.251391100704,0.6975463457494838,0.5617486338797815
small>mid3>mid5>large14,entropy,8462.84426,0.7013575893628963,8295.982538641687,0.6976051549865544,0.5622170179547229
small>mid3>mid5>large14,entropy,8505.79766,0.7018575893628963,8357.086800936768,0.6976676061965467,0.5622170179547229
small>mid3>mid5>large14,entropy,8514.635839999999,0.7022062004740074,8577.883859484778,0.7022667386179107,0.5642466822794692
small>mid3>mid5>large14,entropy,8516.01494,0.7031869544422613,8472.375662763467,0.7027295738851268,0.5648711943793912
small>mid3>mid5>large14,entropy,9171.37034,0.7034290179343249,9173.968449648712,0.703022575159668,0.565495706479313
small>mid3>mid5>large14,entropy,9255.75002,0.7072091766644835,9199.624805620608,0.7056622834688902,0.5673692427790789
small>mid3>mid5>large14,entropy,9605.09654,0.7092091766644835,9506.877957845434,0.7069391876731947,0.5683060109289617
small>mid3>mid5>large14,entropy,10189.05302,0.7094583830136899,10200.702838407495,0.7062292303872629,0.5690866510538641
small>mid3>mid5>large14,entropy,10350.35714,0.7101179068232139,10332.359269320843,0.7071333078652486,0.5693989071038251
small>mid3>mid5>large14,entropy,10393.310539999999,0.7106179068232138,10406.889761124121,0.7070396310502604,0.5692427790788447
small>mid3>mid5>large14,entropy,10538.399539999999,0.7114583830136898,10507.95599063232,0.7075061345915675,0.5700234192037471
small>mid3>mid5>large14,entropy,10628.96708,0.7120675099978169,10310.0912412178,0.7100715045171292,0.570335675253708
small>mid3>mid5>large14,entropy,11479.13246,0.7134605502908571,10966.857480093677,0.7125928638066383,0.5726775956284152
small>mid3>mid5>large14,entropy,11551.28918,0.7139175099978169,11307.666978922716,0.7105629867533421,0.571272443403591
small>mid3>mid5>large14,entropy,11776.80848,0.7157042621345691,11250.547784543325,0.7139178645929976,0.5728337236533958
small>mid3>mid5>large14,entropy,12135.238039999998,0.7187042621345691,11574.573264637003,0.7147888359323529,0.5731459797033568
small>mid3>mid5>large14,entropy,13680.237439999999,0.7206625954679025,13166.887362997659,0.7164176838616554,0.5751756440281031
small>mid3>mid5>large14,entropy,14554.553179999999,0.7217024306327375,14205.400749414519,0.7168420053983892,0.5750195160031225
small>mid3>mid5>large14,entropy,14955.92648,0.7220881449184519,14565.433199063233,0.7175237644408039,0.5759562841530055
small>mid3>mid5>large14,entropy,15779.265140000001,0.7222313988867058,15204.02506791569,0.7184600393163266,0.5784543325526932
small>mid3>mid5>large14,entropy,16158.055279999997,0.724638098233111,15595.711718969555,0.718008666389406,0.5789227166276346
small>mid3>mid5>large14,entropy,16516.48484,0.727638098233111,15948.402772833724,0.7191918937787225,0.579703356752537
small>mid3>mid5>large14,entropy,16921.078639999996,0.7277380982331111,16307.860627634662,0.7198736528211372,0.58064012490242
small>mid3>mid5>large14,entropy,17071.997839999996,0.7285547648997777,16441.648018735363,0.7201834549107989,0.58064012490242
small>mid3>mid5>large14,entropy,17493.99644,0.7286547648997778,16807.371447306792,0.7208652139532137,0.5815768930523029
small>mid3>mid5>large14,entropy,17671.64024,0.7289119077569205,17013.99555971897,0.7203895229578048,0.580952380952381
small>mid3>mid5>large14,entropy,17991.556339999996,0.7294714315664443,17304.975231850116,0.7205728615307287,0.5812646370023419
small>mid3>mid5>large14,entropy,18099.01334,0.7303047648997777,17416.14900234192,0.7206453495423267,0.5812646370023419
small>mid3>mid5>large14,entropy,18549.04484,0.7304047648997778,17788.95505386417,0.7213271085847416,0.5822014051522248
small>mid3>mid5>large14,entropy,18614.145439999997,0.7306047648997775,17985.053920374707,0.7210687797191665,0.5811085089773614
small>mid3>mid5>large14,entropy,19064.176939999998,0.7307047648997778,18362.1058735363,0.7217505387615814,0.5820452771272443
small>mid3>mid5>large14,entropy,19171.00184,0.7312047648997777,18463.098660421543,0.721951274793699,0.5822014051522248
small>mid3>mid5>large14,entropy,21267.44498,0.7315120845409209,20909.760412177988,0.7229678154362212,0.5820452771272443
small>mid3>mid5>large14,entropy,21978.60158,0.7316870845409209,21689.18401873536,0.7236341114296974,0.5822014051522248
small>mid3>mid5>large14,entropy,22108.78478,0.7321870845409209,21839.09877283372,0.7243891019504958,0.5828259172521467
small>mid3>mid5>large14,entropy,22737.36716,0.7327025607313971,22383.50782201405,0.7230965809035501,0.58064012490242
small>mid3>mid5>large14,entropy,23202.5975,0.7329803385091749,22831.296037470725,0.7215134483963741,0.5801717408274786
small>mid3>mid5>large14,entropy,23461.2881,0.7343136718425083,23080.027840749415,0.7223145338578811,0.5811085089773614
small>mid3>mid5>large14,entropy,23966.77568,0.7345803385091749,23501.28041217799,0.7233866129627472,0.5825136612021858
small>mid3>mid5>large14,entropy,24268.2887,0.7349886718425082,24038.747840749416,0.7232205783248047,0.5815768930523029
small>mid3>mid5>large14,entropy,24801.19178,0.7355886718425082,24472.710576112415,0.7242926574296706,0.5829820452771273
small>mid3>mid5>large14,entropy,24977.12138,0.7360886718425083,24637.043035128805,0.7250476479504692,0.5836065573770491
small>mid3>mid5>large14,entropy,30247.37666,0.736295162573999,29981.87241217798,0.7261918316356364,0.5843871975019516
small>mid3>mid5>large14,entropy,30390.49586,0.7371284959073323,30071.55044496487,0.726634566106474,0.5846994535519126
small>mid3>mid5>large14,entropy,30553.26896,0.7376284959073323,30217.389133489458,0.7271029501814155,0.585167837626854
small>mid3>mid5>large14,entropy,32098.5974,0.7376688805227168,32219.79494145199,0.7240071391692247,0.5826697892271663
small>mid3>mid5>large14,entropy,32844.1814,0.7377700709989073,32986.66903981265,0.7251158283809584,0.5834504293520687
small>mid3>mid5>large14,entropy,33005.8814,0.7386034043322407,33090.41592505855,0.7256834652717803,0.5837626854020297
small>mid3>mid5>large14,entropy,33193.262299999995,0.7391034043322406,33274.48608899298,0.7264641053966827,0.5845433255269321
small>mid3>mid5>large14,entropy,35719.8035,0.7400700709989073,35927.42847775176,0.7245288682858014,0.5825136612021858
small>mid3>mid5>large14,entropy,35907.1844,0.7405700709989074,36160.622576112415,0.7253095084107039,0.5832943013270883
small>mid3>mid5>large14,entropy,40912.3862,0.7412531018001607,41749.7022763466,0.724078240112691,0.5807962529274004
small>mid3>mid5>large14,entropy,41245.267700000004,0.7415031018001608,42000.85309601874,0.7248588802375934,0.5815768930523029
small>mid3>mid5>large14,entropy,51919.0493,0.7419070700541288,53159.83818266979,0.7208019496584147,0.5750195160031225
small>mid5,router,1044.89462,0.6152320850682423,1049.9496393442623,0.6142037318247514,0.48368462138953944
small>mid5,router,1666.5418399999999,0.6303847560084133,1657.767475409836,0.6345931587920698,0.5002341920374708
small>mid5,router,2249.99,0.6406536010522583,2246.459765807963,0.6441275934226609,0.5094457455113193
small>mid5,router,2808.6884000000005,0.6551006914618488,2910.9665948477755,0.6530925308050981,0.5183450429352069
small>mid5,router,3406.1268800000003,0.6652383898745471,3394.6777704918036,0.6592522643432585,0.5234972677595628
small>mid5,router,3956.4280400000007,0.6695826178687752,3997.9723840749416,0.6664430975533345,0.5295862607338018
small>mid5,router,4519.690820000001,0.6764723004084577,4507.21918501171,0.6716037032760012,0.5348946135831382
small>mid5,router,5109.7379,0.6811025570798909,5151.960412177986,0.6771794624114793,0.5411397345823575
small>mid5,router,5657.958799999999,0.6858838574788383,5746.187166276346,0.6826805048680253,0.546135831381733
small>mid5,router,6203.017400000001,0.6866747304947113,6224.3900515222485,0.6884917977574281,0.5511319281811085
small>mid5,router,6782.0993,0.686796664116645,6832.043709601872,0.6905655778853479,0.5537861046057767
small>mid5,router,7369.17458,0.6915966335916144,7512.739915690867,0.6943818730482472,0.5581576893052302
small>mid5,router,7979.2013,0.6951998081947891,8120.212740046839,0.6980060236396108,0.5608118657298985
small>mid5,router,8561.643619999999,0.6968744113693922,8640.84730679157,0.7001151531257896,0.5620608899297423
small>mid5,router,9130.42328,0.6971160780360589,9064.502651053863,0.7017513996098113,0.5631537861046058
small>mid5,router,10866.160219999998,0.6978556288234359,10629.97543793911,0.7026237001776622,0.5623731459797033
small>mid5,router,11446.8347,0.7006556288234357,11346.276852459017,0.7015196934326,0.5603434816549571
small>mid5,router,12009.853640000001,0.7010556288234356,12045.575138173303,0.7010019927275457,0.5592505854800937
small>mid5,router,12571.653380000002,0.7016032478710547,12643.133039812647,0.700840660435066,0.5586260733801718
small>mid5,entropy,1044.89462,0.6152320850682423,1049.9496393442623,0.6142037318247514,0.48368462138953944
small>mid5,entropy,1637.70776,0.6252716538328111,1593.2502857142858,0.6304351077307382,0.49804839968774395
small>mid5,entropy,2221.73504,0.6320894929381502,2056.2845526932083,0.638147223440512,0.5047619047619047
small>mid5,entropy,2810.9363,0.6387370009856582,2670.179353629977,0.6456641047774788,0.5106947697111631
small>mid5,entropy,3394.6206799999995,0.6419223184459757,3255.9973395784546,0.653933899180857,0.5186572989851679
small>mid5,entropy,3969.6563600000004,0.645456607767765,3891.734950819672,0.6616780410757082,0.5266198282591725
small>mid5,entropy,4546.978039999999,0.653822480783638,4399.090135831382,0.6683507474775664,0.5327088212334113
small>mid5,entropy,5126.8600400000005,0.6621880651992226,5141.602922716627,0.6734378908730169,0.5373926619828259
small>mid5,entropy,5699.63258,0.6639889504251077,5776.0794566744735,0.6781402969860855,0.5406713505074161
small>mid5,entropy,6252.303559999999,0.670202045663203,6398.466304449648,0.6813875943885878,0.5434816549570648
small>mid5,entropy,6832.05602,0.6754184895134704,7019.715803278688,0.686103663296694,0.5476971116315379
small>mid5,entropy,7432.1996,0.681910156180137,7573.074135831383,0.6894983313145885,0.5498829039812646
small>mid5,entropy,8557.68884,0.6889676653376462,8630.125770491804,0.6927899841495667,0.5530054644808743
small>mid5,entropy,9153.94622,0.6927520573948643,9154.56974238876,0.6929383726985615,0.5542544886807181
small>mid5,entropy,9722.276300000001,0.6951461050139119,9793.63136299766,0.6948007934584308,0.5551912568306011
small>mid5,entropy,10294.469720000001,0.6977461050139119,10517.132814988292,0.6968123286315585,0.5562841530054645
small>mid5,entropy,11446.728020000002,0.7004794383472451,11605.985011709601,0.6988143417108551,0.5573770491803278
small>mid5,entropy,12003.8948,0.7030508669186738,12100.543831381734,0.6995656148977253,0.5572209211553474
small>mid3,router,1044.89462,0.6152320850682423,1049.9496393442623,0.6142037318247514,0.48368462138953944
small>mid3,router,1432.30304,0.6238050052036626,1435.2991662763466,0.6293788435832649,0.4964871194379391
small>mid3,router,1807.77092,0.630335413684071,1770.5577517564404,0.6362860520269109,0.5039812646370023
small>mid3,router,2168.78366,0.6359498797735371,2177.7691241217804,0.6455248605788045,0.5120999219359875
small>mid3,router,2524.71386,0.6377985394471969,2519.1808149882904,0.6516033737092531,0.5186572989851679
small>mid3,router,2874.0299000000005,0.6488399960298298,2922.80168618267,0.6545300184522638,0.521935987509758
small>mid3,router,3227.13308,0.6563880119028456,3324.9758875878224,0.6599374668456606,0.5278688524590164
small>mid3,router,3584.48822,0.6627670589995398,3648.7991194379397,0.6636156750058911,0.5320843091334895
small>mid3,router,3936.53984,0.6728924558249366,4075.3073536299767,0.6720377775904127,0.5411397345823575
small>mid3,router,4309.706480000001,0.6791547574122383,4407.275241217799,0.6756462373677663,0.5437939110070258
small>mid3,router,4662.76394,0.6810114673689481,4787.63518501171,0.6806733167156889,0.5487900078064013
small>mid3,router,5012.07998,0.6838198007022814,5070.492440281031,0.6827929786479972,0.550351288056206
small>mid3,router,5382.86156,0.686721754304235,5437.392168618267,0.6868819055940668,0.5545667447306791
small>mid3,router,5762.22326,0.6888372304947114,5700.643241217799,0.688870803156735,0.5555035128805621
small>mid3,router,6143.67284,0.6919110400185209,6013.835353629976,0.6903531424845074,0.5573770491803278
small>mid3,router,6848.91146,0.6921282242835312,6751.846332552693,0.6933931187303771,0.5598750975800156
small>mid3,router,7938.59432,0.6938544147597216,7950.628777517564,0.6941143023087033,0.5587822014051522
small>mid3,router,8291.6213,0.6956520338073406,8336.618360655739,0.6941899929464549,0.5581576893052302
small>mid3,entropy,1044.89462,0.6152320850682423,1049.9496393442623,0.6142037318247514,0.48368462138953944
small>mid3,entropy,1420.85018,0.6223964706826279,1392.9293489461359,0.6278737463754659,0.4964871194379391
small>mid3,entropy,1787.6541200000001,0.6269928812165385,1683.4363466042155,0.6342754429528065,0.501951600312256
small>mid3,entropy,2163.12962,0.6330332464069038,2069.873255269321,0.6405258810444071,0.507416081186573
small>mid3,entropy,2527.98284,0.6356161829148401,2433.974819672131,0.6480814993217067,0.5149102263856362
small>mid3,entropy,2893.20944,0.6377512811499384,2837.7051428571426,0.6550560844351541,0.5217798594847776
small>mid3,entropy,3251.4027800000003,0.6444953592940166,3158.9848056206088,0.6612359399460348,0.5278688524590164
small>mid3,entropy,3613.90904,0.6529703592940166,3626.04262295082,0.6663218229241894,0.5336455893832943
small>mid3,entropy,3975.18848,0.6557180393916967,4028.68556440281,0.670625349575147,0.537080405932865
small>mid3,entropy,4322.56142,0.6606124533111106,4417.394791569087,0.6731443376307102,0.5400468384074941
small>mid3,entropy,4687.9709,0.6687931828756637,4803.122641686183,0.678504507862075,0.5451990632318501
small>mid3,entropy,5061.503299999999,0.6755598495423303,5149.243147540984,0.681220514615828,0.5467603434816549
small>mid3,entropy,5424.0552800000005,0.6776209606534415,5505.092983606558,0.6833116483931444,0.5489461358313817
small>mid3,entropy,5789.274260000001,0.6851114368439176,5809.547971896956,0.6843827981645284,0.5500390320062452
small>mid3,entropy,6156.48206,0.6882143353946423,6142.06074004684,0.6858415250565104,0.5523809523809524
small>mid3,entropy,6861.3854,0.6907440972994042,7005.163447306792,0.6898528746046528,0.5545667447306791
small>mid3,entropy,7577.10914,0.6942663195216264,7689.485845433256,0.6923015873109768,0.5565964090554254
small>mid3,entropy,7926.4556600000005,0.6962663195216264,7996.73899765808,0.6935784915152814,0.5575331772053084
small>large7,router,1044.89462,0.6152320850682423,1049.9496393442623,0.6142037318247514,0.48368462138953944
small>large7,router,2265.8015,0.6310359825596398,2299.4440468384073,0.6350969390289581,0.5005464480874317
small>large7,router,3418.5627200000004,0.6421909026395599,3560.7259578454336,0.6442765488793649,0.5097580015612803
small>large7,router,4518.547820000001,0.652643566642224,4773.527775175644,0.6544262971108411,0.5189695550351288
small>large7,router,5633.25476,0.6620559598046171,5856.790782201405,0.6604944086383824,0.5247462919594067
small>large7,router,6772.0409,0.6686071475058047,6787.863175644028,0.6651826486662008,0.5294301327088212
small>large7,router,7838.025560000001,0.6740784159432497,8033.92412177986,0.6682473158058094,0.5327088212334113
small>large7,router,8975.600120000001,0.6772081778480117,9110.436796252927,0.6729806308904127,0.5375487900078064
small>large7,router,10124.88662,0.6808343555918364,10297.0343793911,0.675971181767036,0.5405152224824356
small>large7,router,14631.872780000002,0.6809944091004193,14946.809536299765,0.6833511799405318,0.5483216237314598
small>large7,entropy,1044.89462,0.6152320850682423,1049.9496393442623,0.6142037318247514,0.48368462138953944
small>large7,entropy,2172.5327,0.625574034785192,2110.5108758782203,0.6294704592128889,0.4972677595628415
small>large7,entropy,3309.3224000000005,0.6317808543545116,3001.0408243559727,0.6362919099453467,0.5030444964871195
small>large7,entropy,4470.82376,0.6372664576401148,4200.558501170961,0.6418088244697002,0.5069476971116316
small>large7,entropy,6763.430300000001,0.640361659660317,6593.052908665105,0.6552683005817819,0.5205308352849336
small>large7,entropy,7889.15576,0.6472126642113214,7591.431138173301,0.6602219384730024,0.5255269320843091
small>large7,entropy,9024.83294,0.6554404031390605,9040.2423793911,0.6629329282652199,0.5281811085089774
small>large7,entropy,10149.20204,0.655897240745898,10285.256393442623,0.6656852114679785,0.5295862607338018
small>large7,entropy,11242.999699999998,0.6613119593606166,11499.916515222483,0.667883222647943,0.5317720530835285
small>large7,entropy,12392.629100000002,0.6652670586730689,12712.247213114755,0.6697524333227743,0.5344262295081967
small>large7,entropy,13519.20038,0.6678294684854787,13804.637564402812,0.6731880968617577,0.536455893832943
small>large7,entropy,14604.608420000002,0.670439190707701,14940.073480093677,0.6748588001718054,0.5381733021077283
small>large7,entropy,15727.903100000001,0.6755498744683847,15893.638257611243,0.6734497369477539,0.5372365339578454
small>large7,entropy,16867.016900000002,0.6763313962075151,16904.28700702576,0.672363610826499,0.5366120218579234
small>large7,entropy,17985.08426,0.6765278247789438,18155.94666042155,0.6726757174716514,0.5356752537080406
small>large7,entropy,19100.20268,0.6777683009694199,19579.324590163935,0.6720185786177912,0.5342701014832162
small>large7,entropy,21347.157799999997,0.6783738565249755,21736.95406088993,0.6715261367201971,0.5328649492583919
small>large7,entropy,22436.7416,0.679645285096404,22722.333676814986,0.671337329950594,0.5319281811085089
small>mid5>large7,router,1044.89462,0.6152320850682423,1049.9496393442623,0.6142037318247514,0.48368462138953944
small>mid5>large7,router,1666.6713800000002,0.6295561845798417,1702.8521779859484,0.6345936830314699,0.5003903200624512
small>mid5>large7,router,1907.57768,0.632246660770318,1886.6006557377048,0.6358315878377218,0.5013270882123341
small>mid5>large7,router,2260.2312800000004,0.6406817576179149,2335.889180327869,0.644908575933583,0.5099141295862607
small>mid5>large7,router,2646.0547399999996,0.6438097338083911,2630.7837751756438,0.647426765912022,0.511943793911007
small>mid5>large7,router,2825.1476000000002,0.6525840247951822,2937.7966088992976,0.654152349334265,0.5185011709601873
small>mid5>large7,router,3256.973,0.655878667652325,3330.4580046838414,0.6576210029033748,0.521311475409836
small>mid5>large7,router,3407.8109000000004,0.6642689454301028,3437.6257798594843,0.6611165044350346,0.5250585480093677
small>mid5>large7,router,3947.22308,0.6680635882872455,3915.405133489461,0.6652833515755044,0.5283372365339578
small>mid5>large7,router,3969.05438,0.6702980940592513,3964.351587822014,0.6659633143169733,0.5298985167837627
small>mid5>large7,router,4541.68976,0.6757148225921564,4598.935194379391,0.6735984697204163,0.536455893832943
small>mid5>large7,router,5106.3089,0.6829064765264574,5225.902370023419,0.678892482672509,0.5423887587822014
small>mid5>large7,router,5863.744519999999,0.6899011193836002,5931.258585480093,0.6845316306061224,0.5472287275565965
small>mid5>large7,router,6476.79638,0.6899285003359812,6671.767925058549,0.6856866677798951,0.5481654957064793
small>mid5>large7,router,7129.3503200000005,0.6907011193836001,7101.012459016393,0.695733943699192,0.5578454332552694
small>mid5>large7,router,7141.260380000001,0.6908011193836001,7440.249386416863,0.6857180914981033,0.5483216237314598
small>mid5>large7,router,7686.33422,0.6908834426159234,8109.2461264636995,0.6852997982557296,0.5473848555815769
small>mid5>large7,router,7763.71532,0.6935881323706132,7727.651278688525,0.6981984775785213,0.5601873536299766
small>mid5>large7,router,8347.30826,0.6977944510519319,8440.39550351288,0.701867178120758,0.5637782982045277
small>mid5>large7,router,8976.232580000002,0.7019551653376461,8950.522679156908,0.7039655082752945,0.565807962529274
small>mid5>large7,router,9567.7808,0.7036702447027255,9569.818697892273,0.7080544802799572,0.5693989071038251
small>mid5>large7,router,10183.4768,0.7048313558138366,10029.067353629976,0.7079864530690728,0.5686182669789227
small>mid5>large7,router,10792.070960000001,0.7075145573948644,10661.633236533957,0.7081801142394525,0.5675253708040593
small>mid5>large7,router,11374.764740000002,0.7079645573948643,11213.35692740047,0.7074656426584705,0.5659640905542545
small>mid5>large7,router,12007.52192,0.7091645573948643,11696.36856206089,0.7082514870508723,0.5667447306791569
small>mid5>large7,router,12585.658940000001,0.7120455097758166,12327.635297423887,0.7085389608746457,0.566120218579235
small>mid5>large7,router,13178.05298,0.7129455097758166,13027.502257611242,0.7087653660757829,0.5662763466042154
small>mid5>large7,router,13747.907060000003,0.7135455097758168,13690.985948477752,0.7083629027224999,0.565183450429352
small>mid5>large7,router,15488.42174,0.7141959607137676,15543.108740046839,0.7101813389771351,0.5683060109289617
small>mid5>large7,router,16083.02558,0.7150959607137677,16232.77049180328,0.7097788756238521,0.5672131147540984
small>mid5>large7,entropy,1044.89462,0.6152320850682423,1049.9496393442623,0.6142037318247514,0.48368462138953944
small>mid5>large7,entropy,1637.70776,0.6252716538328111,1593.2502857142858,0.6304351077307382,0.49804839968774395
small>mid5>large7,entropy,1919.3886800000002,0.6261049871661444,1824.305817330211,0.6312331927368844,0.4986729117876659
small>mid5>large7,entropy,2006.2566800000002,0.6265549871661444,1945.8141826697893,0.6315844807930905,0.49882903981264637
small>mid5>large7,entropy,2221.73504,0.6320894929381502,2056.2845526932083,0.638147223440512,0.5047619047619047
small>mid5>large7,entropy,2701.61216,0.6342394929381502,2399.7020702576115,0.6392418277829901,0.5052302888368462
small>mid5>large7,entropy,2810.9363,0.6387370009856582,2670.179353629977,0.6456641047774788,0.5106947697111631
small>mid5>large7,entropy,3394.6206799999995,0.6419223184459757,3255.9973395784546,0.653933899180857,0.5186572989851679
small>mid5>large7,entropy,3942.13292,0.6425429533666106,3540.4939953161597,0.6472029625852876,0.5114754098360655
small>mid5>large7,entropy,3969.6563600000004,0.645456607767765,3891.734950819672,0.6616780410757082,0.5266198282591725
small>mid5>large7,entropy,4546.978039999999,0.653822480783638,4399.090135831382,0.6683507474775664,0.5327088212334113
small>mid5>large7,entropy,5126.8600400000005,0.6621880651992226,5141.602922716627,0.6734378908730169,0.5373926619828259
small>mid5>large7,entropy,5699.63258,0.6639889504251077,5776.0794566744735,0.6781402969860855,0.5406713505074161
small>mid5>large7,entropy,6090.44714,0.664124374723032,5855.900889929743,0.6759978253120341,0.5391100702576113
small>mid5>large7,entropy,6252.303559999999,0.670202045663203,6398.466304449648,0.6813875943885878,0.5434816549570648
small>mid5>large7,entropy,6832.05602,0.6754184895134704,7019.715803278688,0.686103663296694,0.5476971116315379
small>mid5>large7,entropy,7432.1996,0.681910156180137,7573.074135831383,0.6894983313145885,0.5498829039812646
small>mid5>large7,entropy,8458.69742,0.6847464657039466,8372.397264637004,0.6922334760927507,0.5517564402810304
small>mid5>large7,entropy,8557.68884,0.6889676653376462,8630.125770491804,0.6927899841495667,0.5530054644808743
small>mid5>large7,entropy,9153.94622,0.6927520573948643,9154.56974238876,0.6929383726985615,0.5542544886807181
small>mid5>large7,entropy,9722.276300000001,0.6951461050139119,9793.63136299766,0.6948007934584308,0.5551912568306011
small>mid5>large7,entropy,10258.60238,0.6964455097758167,10006.046744730678,0.6957915597259134,0.556440281030445
small>mid5>large7,entropy,10294.469720000001,0.6977461050139119,10517.132814988292,0.6968123286315585,0.5562841530054645
small>mid5>large7,entropy,10862.967440000002,0.6983395573948643,10670.358463700235,0.6980811641096875,0.5576893052302888
small>mid5>large7,entropy,11374.787600000001,0.6984733236286305,11097.866042154566,0.6963961149964369,0.5573770491803278
small>mid5>large7,entropy,11435.16086,0.7009395573948644,11412.247850117094,0.7002978961156467,0.5590944574551132
small>mid5>large7,entropy,12003.8948,0.7030508669186738,12100.543831381734,0.6995656148977253,0.5572209211553474
small>mid5>large7,entropy,12624.467600000002,0.7046728907281977,12541.906604215455,0.7028649439520155,0.5606557377049181
small>mid5>large7,entropy,13181.63438,0.7072443192996263,13036.465423887586,0.7036162171388859,0.5604996096799375
small>mid5>large7,entropy,14355.0839,0.7092721331524401,14239.680674473067,0.7043999479047439,0.5620608899297423
small>mid5>large7,entropy,15478.691,0.7093505672183742,15395.836327868854,0.7040515676569286,0.5626854020296643
small>mid5>large7,entropy,16098.570380000003,0.7097362815040884,15954.327007025762,0.7055139668242458,0.5644028103044496
small>mid5>large7,entropy,16547.959880000002,0.7101069857997927,16549.434135831383,0.7018649577282055,0.5595628415300546
small>mid5>large7,entropy,17186.127259999997,0.7104927000855069,17120.01450117096,0.7031712288705422,0.5611241217798595
small>mid5>large7,entropy,17699.471419999998,0.711815801657138,17862.87467915691,0.70055100345861,0.5590944574551132
small>mid5>large7,entropy,18337.6388,0.7122015159428523,18441.09051053864,0.7020134026259273,0.5608118657298985
