policy,rate,cost,f1,em
random,0.0,1050.5075165428764,0.6133119116986513,0.48305199189736664
random,0.05,1362.5995008777852,0.6172344411907984,0.48667116812964206
random,0.1,1674.6914852126943,0.6211569706829455,0.49029034436191765
random,0.15,1986.7834695476029,0.6250795001750925,0.49390952059419313
random,0.2,2298.875453882512,0.6290020296672396,0.4975286968264686
random,0.25,2610.9674382174207,0.6329245591593867,0.5011478730587441
random,0.3,2923.0594225523296,0.6368470886515338,0.5047670492910196
random,0.35,3235.1514068872384,0.6407696181436809,0.508386225523295
random,0.4,3547.2433912221477,0.644692147635828,0.5120054017555706
random,0.45,3859.335375557056,0.648614677127975,0.5156245779878461
random,0.5,4171.427359891965,0.6525372066201222,0.5192437542201216
random,0.55,4483.519344226874,0.6564597361122693,0.5228629304523971
random,0.6,4795.611328561783,0.6603822656044163,0.5264821066846725
random,0.65,5107.703312896691,0.6643047950965635,0.530101282916948
random,0.7,5419.7952972316,0.6682273245887105,0.5337204591492235
random,0.75,5731.887281566509,0.6721498540808576,0.537339635381499
random,0.8,6043.979265901418,0.6760723835730047,0.5409588116137745
random,0.85,6356.071250236327,0.6799949130651518,0.5445779878460499
random,0.9,6668.163234571236,0.6839174425572988,0.5481971640783255
random,0.95,6980.255218906144,0.6878399720494459,0.551816340310601
random,1.0,7292.347203241054,0.691762501541593,0.5554355165428765
oracle,0.0,1050.5075165428764,0.6133119116986513,0.48305199189736664
oracle,0.19716407832545577,2277.4230871033087,0.7594847047054273,0.6220121539500337
oracle,1.0,7292.347203241054,0.691762501541593,0.5554355165428765
small-entropy (post),0.0,1050.5075165428764,0.6133119116986513,0.48305199189736664
small-entropy (post),0.049966239027684,1414.9976880486156,0.6271270604146618,0.4961512491559757
small-entropy (post),0.099932478055368,1778.349747467928,0.6359644770306067,0.5045239702903443
small-entropy (post),0.150033760972316,2152.811262660366,0.6414595606776167,0.5099257258609048
small-entropy (post),0.2,2513.0741607022296,0.6489956478929747,0.5169480081026333
small-entropy (post),0.249966239027684,2879.153161377449,0.655520724388677,0.5241053342336259
small-entropy (post),0.300067521944632,3246.9033139770454,0.6614936006383932,0.5288318703578663
small-entropy (post),0.350033760972316,3622.7149223497677,0.6657049785769825,0.5339635381498987
small-entropy (post),0.4,3989.256988521275,0.669325875648251,0.5362592842673869
small-entropy (post),0.449966239027684,4346.107608372723,0.6711036732567672,0.5385550303848751
small-entropy (post),0.499932478055368,4702.826511816344,0.6763689847503822,0.5432815665091154
small-entropy (post),0.550033760972316,5068.273685347743,0.6796163896604158,0.5457123565158677
small-entropy (post),0.6,5426.643160027009,0.6817137191446461,0.5476029709655638
small-entropy (post),0.649966239027684,5787.107748818367,0.6831222239866417,0.5486833220796759
small-entropy (post),0.700067521944632,6161.083559756912,0.6848826317835114,0.5513841998649561
small-entropy (post),0.750033760972316,6525.423492234973,0.6863547440203984,0.5517893315327481
small-entropy (post),0.8,6899.4466387576,0.6874151600841905,0.5519243754220121
small-entropy (post),0.849966239027684,7265.196348413231,0.6889863685291329,0.5532748143146523
small-entropy (post),0.899932478055368,7627.692251181631,0.6893413575269308,0.5535449020931803
small-entropy (post),0.950033760972316,7988.957428764347,0.6906934040849194,0.5543551654287644
small-entropy (post),1.0,8342.854719783909,0.6917625015415927,0.5554355165428765
router:question/small-fails,0.0,1050.5075165428764,0.6133119116986513,0.48305199189736664
router:question/small-fails,0.049966239027684,1363.1746549628633,0.6162647987096072,0.48669817690749495
router:question/small-fails,0.099932478055368,1663.3387602970975,0.6187082622467276,0.4889939230249831
router:question/small-fails,0.150033760972316,1971.4683970290346,0.6221567333023819,0.49182984469952734
router:question/small-fails,0.2,2280.818603646185,0.626632372759155,0.4950708980418636
router:question/small-fails,0.249966239027684,2589.3656448345723,0.6311299319448819,0.4988521269412559
router:question/small-fails,0.300067521944632,2898.3849291019587,0.6343132032660851,0.5027683997299123
router:question/small-fails,0.350033760972316,3212.003019581366,0.6378066338358155,0.5058744091829844
router:question/small-fails,0.4,3525.703324780556,0.6415749459498399,0.5085752869682647
router:question/small-fails,0.449966239027684,3833.555570560437,0.6454338402057926,0.511681296421337
router:question/small-fails,0.499932478055368,4147.703205941938,0.6485627721054279,0.5149223497636732
router:question/small-fails,0.550033760972316,4463.334892640111,0.6525393617292352,0.5178933153274814
router:question/small-fails,0.6,4774.16381363944,0.6573534185554459,0.5219446320054018
router:question/small-fails,0.649966239027684,5089.812364618505,0.6603248147629202,0.5239702903443619
router:question/small-fails,0.700067521944632,5405.088156650917,0.6643859381994657,0.5284267386900743
router:question/small-fails,0.750033760972316,5720.797147873061,0.6696058375888451,0.5328831870357866
router:question/small-fails,0.8,6034.572364618489,0.6728776576736295,0.5365293720459149
router:question/small-fails,0.849966239027684,6349.710649561087,0.6775835669642788,0.5417960837272113
router:question/small-fails,0.899932478055368,6666.377182984441,0.6829084761311867,0.5471978392977718
router:question/small-fails,0.950033760972316,6981.2550492909895,0.6870289906230718,0.5515192437542201
router:question/small-fails,1.0,7292.347203241022,0.6917625015415927,0.5554355165428765
router:question+evidence/small-fails,0.0,1050.5075165428764,0.6133119116986513,0.48305199189736664
router:question+evidence/small-fails,0.049966239027684,1361.8744091829844,0.6190251700967705,0.4889939230249831
router:question+evidence/small-fails,0.099932478055368,1674.3195030384877,0.6276477576766885,0.4960162052667117
router:question+evidence/small-fails,0.150033760972316,1988.346787305875,0.6339439860188317,0.5020931802835922
router:question+evidence/small-fails,0.2,2298.287994598244,0.6406157908879992,0.5084402430790007
router:question+evidence/small-fails,0.249966239027684,2607.710536124243,0.6442814119012412,0.5111411208642809
router:question+evidence/small-fails,0.300067521944632,2908.5881377447677,0.6473852804017018,0.5143821742066171
router:question+evidence/small-fails,0.350033760972316,3222.179835246459,0.6503011667025824,0.5174881836596894
router:question+evidence/small-fails,0.4,3536.8679216745495,0.654824284817868,0.5203241053342337
router:question+evidence/small-fails,0.449966239027684,3847.097155975698,0.6582689949712806,0.5238352464550979
router:question+evidence/small-fails,0.499932478055368,4150.769188386232,0.6603763174634781,0.5264010803511141
router:question+evidence/small-fails,0.550033760972316,4465.2291802835925,0.6644315461270796,0.5292370020256584
router:question+evidence/small-fails,0.6,4779.193350438895,0.667801977556255,0.5327481431465226
router:question+evidence/small-fails,0.649966239027684,5088.753166779207,0.6717161538769929,0.5362592842673869
router:question+evidence/small-fails,0.700067521944632,5396.359708305201,0.673397794000653,0.5380148548278191
router:question+evidence/small-fails,0.750033760972316,5713.981553004732,0.6767042257338235,0.5412559081701553
router:question+evidence/small-fails,0.8,6032.013925725862,0.6803929437979636,0.5444969615124916
router:question+evidence/small-fails,0.849966239027684,6344.744140445645,0.6840096714322469,0.5474679270762998
router:question+evidence/small-fails,0.899932478055368,6666.119594868319,0.6864511792079883,0.550303848750844
router:question+evidence/small-fails,0.950033760972316,6978.641771775812,0.6900010669374844,0.5538149898717083
router:question+evidence/small-fails,1.0,7292.34720324103,0.6917625015415928,0.5554355165428765
router:evidence/small-fails,0.0,1050.5075165428764,0.6133119116986513,0.48305199189736664
router:evidence/small-fails,0.049966239027684,1358.2186360567184,0.6225251238703177,0.4910195813639433
router:evidence/small-fails,0.099932478055368,1677.838039162728,0.630966999742854,0.4988521269412559
router:evidence/small-fails,0.150033760972316,1998.4659122214714,0.6377580563050791,0.5049291019581363
router:evidence/small-fails,0.2,2318.2297042538817,0.644102700372049,0.5104659014179609
router:evidence/small-fails,0.249966239027684,2637.68862120189,0.648259151944555,0.5138419986495611
router:evidence/small-fails,0.300067521944632,2951.692829169479,0.6525975946557188,0.5200540175557056
router:evidence/small-fails,0.350033760972316,3265.1022714382143,0.6553445172507171,0.5219446320054018
router:evidence/small-fails,0.4,3576.6652153950013,0.6571165411737121,0.5230249831195138
router:evidence/small-fails,0.449966239027684,3885.8763754220086,0.6574136243935026,0.5234301147873058
router:evidence/small-fails,0.499932478055368,4197.274954760296,0.6595415083810203,0.5259959486833221
router:evidence/small-fails,0.550033760972316,4509.9359405806845,0.6624337792881461,0.5286968264686023
router:evidence/small-fails,0.6,4824.151654287635,0.664396632162148,0.5305874409182985
router:evidence/small-fails,0.649966239027684,5137.149450371367,0.6682673064649627,0.5342336259284267
router:evidence/small-fails,0.700067521944632,5442.600475354486,0.6699795777514904,0.5354490209318028
router:evidence/small-fails,0.750033760972316,5758.315656988517,0.6730828013341198,0.537744767049291
router:evidence/small-fails,0.8,6070.414514517211,0.676051370015045,0.5412559081701553
router:evidence/small-fails,0.849966239027684,6374.331143821727,0.679177085922665,0.5444969615124916
router:evidence/small-fails,0.899932478055368,6683.8158487508235,0.6836239954539771,0.5481431465226199
router:evidence/small-fails,0.950033760972316,6992.713118163377,0.6868519413238078,0.550708980418636
router:evidence/small-fails,1.0,7292.347203241032,0.6917625015415928,0.5554355165428765
router:evidence+small/small-fails,0.0,1050.5075165428764,0.6133119116986513,0.48305199189736664
router:evidence+small/small-fails,0.049966239027684,1414.110660364618,0.6252434895124128,0.4939905469277515
router:evidence+small/small-fails,0.099932478055368,1788.716240378123,0.6350496675497563,0.5031735313977043
router:evidence+small/small-fails,0.150033760972316,2157.61685347738,0.6411691873722077,0.5093855503038488
router:evidence+small/small-fails,0.2,2534.0788116137755,0.6479999576972387,0.5168129642133693
router:evidence+small/small-fails,0.249966239027684,2902.211765023633,0.6547534104952957,0.5223497636731937
router:evidence+small/small-fails,0.300067521944632,3268.0355651586765,0.6591563970353518,0.5278865631330182
router:evidence+small/small-fails,0.350033760972316,3631.519340985821,0.664075446025974,0.5336934503713707
router:evidence+small/small-fails,0.4,3999.600842673868,0.6681760661606729,0.537474679270763
router:evidence+small/small-fails,0.449966239027684,4362.4651397704165,0.6743049234238988,0.5420661715057393
router:evidence+small/small-fails,0.499932478055368,4735.29666441593,0.6778911732458003,0.5465226198514517
router:evidence+small/small-fails,0.550033760972316,5097.58676029709,0.6820525201890513,0.549898717083052
router:evidence+small/small-fails,0.6,5459.590784604993,0.6829776487779207,0.55016880486158
router:evidence+small/small-fails,0.649966239027684,5825.826198514517,0.6848914136086334,0.5513841998649561
router:evidence+small/small-fails,0.700067521944632,6189.715413909523,0.6859368247958406,0.5513841998649561
router:evidence+small/small-fails,0.750033760972316,6547.858501012824,0.6877319439238428,0.5527346387575962
router:evidence+small/small-fails,0.8,6909.461201890601,0.6891818771243714,0.5535449020931803
router:evidence+small/small-fails,0.849966239027684,7260.462790006737,0.6903252487201401,0.5546252532072924
router:evidence+small/small-fails,0.899932478055368,7625.251381498968,0.6909194418329017,0.5548953409858204
router:evidence+small/small-fails,0.950033760972316,7993.760961512476,0.691388880114629,0.5553004726536124
router:evidence+small/small-fails,1.0,8342.854719783914,0.6917625015415927,0.5554355165428765
router:question+evidence+small/small-fails,0.0,1050.5075165428764,0.6133119116986513,0.48305199189736664
router:question+evidence+small/small-fails,0.049966239027684,1414.398790006752,0.6260392613750313,0.49426063470627957
router:question+evidence+small/small-fails,0.099932478055368,1789.1237380148546,0.6333877395851993,0.5015530047265361
router:question+evidence+small/small-fails,0.150033760972316,2165.4910249831205,0.6418721073796517,0.5095205941931128
router:question+evidence+small/small-fails,0.2,2529.2073625928456,0.647166391833288,0.5157326130992572
router:question+evidence+small/small-fails,0.249966239027684,2890.1206103983827,0.6535955631659427,0.5216745442268738
router:question+evidence+small/small-fails,0.300067521944632,3254.5860850776535,0.6590761782598953,0.5277515192437542
router:question+evidence+small/small-fails,0.350033760972316,3619.094779203244,0.6649120098452206,0.5339635381498987
router:question+evidence+small/small-fails,0.4,3978.6394112086464,0.6686903643015747,0.537609723160027
router:question+evidence+small/small-fails,0.449966239027684,4337.967945982446,0.6712987237566593,0.5401755570560433
router:question+evidence+small/small-fails,0.499932478055368,4704.452386225521,0.6760846363210999,0.5438217420661715
router:question+evidence+small/small-fails,0.550033760972316,5068.44450506414,0.678911740194794,0.5466576637407158
router:question+evidence+small/small-fails,0.6,5429.569733963534,0.6819640585561141,0.549358541525996
router:question+evidence+small/small-fails,0.649966239027684,5794.208086428079,0.6841021657786237,0.5511141120864281
router:question+evidence+small/small-fails,0.700067521944632,6161.538392977697,0.6872544759937294,0.5538149898717083
router:question+evidence+small/small-fails,0.750033760972316,6522.964099932461,0.6888597999218081,0.5550303848750844
router:question+evidence+small/small-fails,0.8,6890.251187035763,0.6892080202362675,0.5544902093180284
router:question+evidence+small/small-fails,0.849966239027684,7251.2344091829555,0.6907369099825779,0.5554355165428765
router:question+evidence+small/small-fails,0.899932478055368,7612.09620526668,0.6908044319272099,0.5548953409858204
router:question+evidence+small/small-fails,0.950033760972316,7973.600118838592,0.691042267465518,0.5546252532072924
router:question+evidence+small/small-fails,1.0,8342.854719783898,0.6917625015415927,0.5554355165428765
router:question/large-helps,0.0,1050.5075165428764,0.6133119116986513,0.48305199189736664
router:question/large-helps,0.049966239027684,1347.8456934503718,0.6211028723322858,0.49074949358541525
router:question/large-helps,0.099932478055368,1650.5714895340984,0.625754186641015,0.4952059419311276
router:question/large-helps,0.150033760972316,1956.6121539500323,0.6304716868615537,0.499932478055368
router:question/large-helps,0.2,2277.241933828495,0.6347055627463413,0.5029034436191763
router:question/large-helps,0.249966239027684,2598.504102633356,0.6411151511543409,0.5089804186360567
router:question/large-helps,0.300067521944632,2916.378274139096,0.6452289996436114,0.5127616475354491
router:question/large-helps,0.350033760972316,3244.6088750844033,0.6492113443258011,0.5161377447670493
router:question/large-helps,0.4,3553.3248237677267,0.6522582423090978,0.5196488858879136
router:question/large-helps,0.449966239027684,3866.613201890614,0.6542829872789913,0.5218095881161378
router:question/large-helps,0.499932478055368,4190.461461174884,0.659075644807479,0.525725860904794
router:question/large-helps,0.550033760972316,4504.595683997297,0.6624551260060015,0.5288318703578663
router:question/large-helps,0.6,4822.8337987846035,0.6667949055706586,0.5331532748143146
router:question/large-helps,0.649966239027684,5131.191254557732,0.6705871892249193,0.536799459824443
router:question/large-helps,0.700067521944632,5445.244261985148,0.6740680770069549,0.5400405131667793
router:question/large-helps,0.750033760972316,5755.042933153271,0.678039520073604,0.5432815665091154
router:question/large-helps,0.8,6064.464761647524,0.6818082680185843,0.5471978392977718
router:question/large-helps,0.849966239027684,6365.514776502339,0.6855190248975104,0.550438892640108
router:question/large-helps,0.899932478055368,6669.443581363915,0.6879318308317843,0.5520594193112761
router:question/large-helps,0.950033760972316,6982.212105334203,0.6911744672604636,0.5543551654287644
router:question/large-helps,1.0,7292.347203241012,0.6917625015415928,0.5554355165428765
router:question+evidence/large-helps,0.0,1050.5075165428764,0.6133119116986513,0.48305199189736664
router:question+evidence/large-helps,0.049966239027684,1352.9283673193786,0.6242281458839406,0.4931802835921675
router:question+evidence/large-helps,0.099932478055368,1659.747716407833,0.6339268060653827,0.5016880486158002
router:question+evidence/large-helps,0.150033760972316,1966.2559243754226,0.6409059313191927,0.5085752869682647
router:question+evidence/large-helps,0.2,2278.1658338960174,0.6452973958828382,0.512491559756921
router:question+evidence/large-helps,0.249966239027684,2586.131770425389,0.6498079956281656,0.5168129642133693
router:question+evidence/large-helps,0.300067521944632,2900.3193571910906,0.6543383066405832,0.5208642808912897
router:question+evidence/large-helps,0.350033760972316,3208.0023065496316,0.6598627663837231,0.525725860904794
router:question+evidence/large-helps,0.4,3521.5557596218805,0.6644487681979491,0.5296421336934504
router:question+evidence/large-helps,0.449966239027684,3840.85605401756,0.667116812862856,0.5326130992572586
router:question+evidence/large-helps,0.499932478055368,4157.580780553681,0.6705950513764044,0.5355840648210668
router:question+evidence/large-helps,0.550033760972316,4470.6078487508485,0.6724492246620429,0.537609723160027
router:question+evidence/large-helps,0.6,4778.121145172191,0.676952679043958,0.5419311276164753
router:question+evidence/large-helps,0.649966239027684,5086.187089804194,0.6801102357194079,0.5453072248480756
router:question+evidence/large-helps,0.700067521944632,5402.554041863613,0.6835103816009852,0.549088453747468
router:question+evidence/large-helps,0.750033760972316,5716.704345712362,0.6862501844627248,0.5516542876434841
router:question+evidence/large-helps,0.8,6031.388721134375,0.6871895190553936,0.5524645509790682
router:question+evidence/large-helps,0.849966239027684,6338.242295746118,0.6888885095389891,0.5532748143146523
router:question+evidence/large-helps,0.899932478055368,6656.818614449685,0.6915782753212599,0.5558406482106685
router:question+evidence/large-helps,0.950033760972316,6976.683916272767,0.6924280277776793,0.5566509115462526
router:question+evidence/large-helps,1.0,7292.347203241032,0.6917625015415926,0.5554355165428765
router:evidence/large-helps,0.0,1050.5075165428764,0.6133119116986513,0.48305199189736664
router:evidence/large-helps,0.049966239027684,1357.1043727211343,0.6236452972717398,0.4920999324780554
router:evidence/large-helps,0.099932478055368,1663.692008102633,0.6315624031586197,0.49939230249831196
router:evidence/large-helps,0.150033760972316,1983.9232842673869,0.6395003070925414,0.5064145847400405
router:evidence/large-helps,0.2,2286.1056637407155,0.6450029217410034,0.5112761647535449
router:evidence/large-helps,0.249966239027684,2587.1791006076974,0.6508595978880239,0.5180283592167454
router:evidence/large-helps,0.300067521944632,2892.6926293045253,0.6558437914864185,0.5224848075624579
router:evidence/large-helps,0.350033760972316,3194.186214719784,0.6592194607567534,0.524780553679946
router:evidence/large-helps,0.4,3497.3773882511796,0.6617790458980601,0.5268062120189061
router:evidence/large-helps,0.449966239027684,3806.9950844024283,0.6646371679937289,0.5292370020256584
router:evidence/large-helps,0.499932478055368,4122.010203916272,0.6681694913234862,0.5323430114787305
router:evidence/large-helps,0.550033760972316,4438.188845374749,0.6718135230363904,0.5361242403781229
router:evidence/large-helps,0.6,4746.624621201891,0.6756517652203449,0.5397704253882512
router:evidence/large-helps,0.649966239027684,5056.872740040515,0.6779806814719308,0.5422012153950033
router:evidence/large-helps,0.700067521944632,5375.376621201898,0.6797770173819419,0.5450371370695476
router:evidence/large-helps,0.750033760972316,5699.758460499659,0.6819185328638075,0.5463875759621877
router:evidence/large-helps,0.8,6007.9274004051185,0.684725615120586,0.550033760972316
router:evidence/large-helps,0.849966239027684,6321.586090479392,0.6863727905257548,0.5516542876434841
router:evidence/large-helps,0.899932478055368,6641.465463875742,0.6889726480433547,0.5543551654287644
router:evidence/large-helps,0.950033760972316,6965.3056259283985,0.6905128868753677,0.5548953409858204
router:evidence/large-helps,1.0,7292.347203241014,0.6917625015415928,0.5554355165428765
router:evidence+small/large-helps,0.0,1050.5075165428764,0.6133119116986513,0.48305199189736664
router:evidence+small/large-helps,0.049966239027684,1415.9011802835923,0.6278877943895492,0.49588116137744764
router:evidence+small/large-helps,0.099932478055368,1772.823832545578,0.6350526610243289,0.5038487508440244
router:evidence+small/large-helps,0.150033760972316,2131.8786441593516,0.6435383330549448,0.5111411208642809
router:evidence+small/large-helps,0.2,2494.3910114787304,0.6508884296579309,0.5191087103308575
router:evidence+small/large-helps,0.249966239027684,2857.02480486158,0.6546585891652712,0.5231600270087778
router:evidence+small/large-helps,0.300067521944632,3216.690862930454,0.6586643272189499,0.5268062120189061
router:evidence+small/large-helps,0.350033760972316,3580.8208723835255,0.6634235156590772,0.5319378798109385
router:evidence+small/large-helps,0.4,3947.0254152599623,0.6694044080834979,0.5384199864956111
router:evidence+small/large-helps,0.449966239027684,4307.352113436868,0.6741992212679127,0.5424713031735314
router:evidence+small/large-helps,0.499932478055368,4677.777755570562,0.6782654281277406,0.5462525320729237
router:evidence+small/large-helps,0.550033760972316,5040.985750168806,0.6819054792762321,0.549223497636732
router:evidence+small/large-helps,0.6,5399.0032950708965,0.68571841853144,0.5532748143146523
router:evidence+small/large-helps,0.649966239027684,5762.17424442944,0.6887364351011109,0.5554355165428765
router:evidence+small/large-helps,0.700067521944632,6120.358492910202,0.6897592569629818,0.5565158676569886
router:evidence+small/large-helps,0.750033760972316,6495.466241728564,0.6910860611690011,0.5580013504388927
router:evidence+small/large-helps,0.8,6859.754722484811,0.6923940284661648,0.5584064821066846
router:evidence+small/large-helps,0.849966239027684,7231.297896016202,0.693234572871868,0.5585415259959486
router:evidence+small/large-helps,0.899932478055368,7593.42952059419,0.6920294249550387,0.5571910871033086
router:evidence+small/large-helps,0.950033760972316,7965.954392977718,0.6923577829201286,0.5566509115462526
router:evidence+small/large-helps,1.0,8342.854719783914,0.6917625015415926,0.5554355165428765
router:question+evidence+small/large-helps,0.0,1050.5075165428764,0.6133119116986513,0.48305199189736664
router:question+evidence+small/large-helps,0.049966239027684,1414.7280810263337,0.6289516157808521,0.49696151249155973
router:question+evidence+small/large-helps,0.099932478055368,1774.7213720459156,0.6377302798621337,0.5060094530722484
router:question+evidence+small/large-helps,0.150033760972316,2138.503567859555,0.6454020216944187,0.513436866981769
router:question+evidence+small/large-helps,0.2,2504.191535449022,0.6512357530423099,0.5191087103308575
router:question+evidence+small/large-helps,0.249966239027684,2870.999092505065,0.6593590639548729,0.5266711681296421
router:question+evidence+small/large-helps,0.300067521944632,3232.4021607022314,0.6646126842427987,0.5312626603646186
router:question+evidence+small/large-helps,0.350033760972316,3590.9630357866326,0.668158066071524,0.5345037137069547
router:question+evidence+small/large-helps,0.4,3951.8845158676586,0.6722161319459302,0.5392302498311952
router:question+evidence+small/large-helps,0.449966239027684,4319.1613126266075,0.6764462978175169,0.5439567859554355
router:question+evidence+small/large-helps,0.499932478055368,4681.07478190412,0.6789652688307486,0.5457123565158677
router:question+evidence+small/large-helps,0.550033760972316,5050.041253207299,0.6823166754704738,0.5486833220796759
router:question+evidence+small/large-helps,0.6,5420.5553923025045,0.6862092439356681,0.5523295070898042
router:question+evidence+small/large-helps,0.649966239027684,5786.7805158676665,0.6880030379576864,0.5548953409858204
router:question+evidence+small/large-helps,0.700067521944632,6149.412251181644,0.6899826098899928,0.5573261309925726
router:question+evidence+small/large-helps,0.750033760972316,6510.282279540867,0.6918857978566515,0.5589466576637407
router:question+evidence+small/large-helps,0.8,6876.449777177602,0.6922785216457291,0.5590817015530047
router:question+evidence+small/large-helps,0.849966239027684,7240.073501688064,0.6930100416074989,0.5596218771100607
router:question+evidence+small/large-helps,0.899932478055368,7601.853196488863,0.6924948466966253,0.5580013504388927
router:question+evidence+small/large-helps,0.950033760972316,7970.371008777854,0.6934784163567649,0.5586765698852127
router:question+evidence+small/large-helps,1.0,8342.854719783922,0.6917625015415927,0.5554355165428765
