tau,router,label,post,train_label_rate,aiq,op_f1,op_cost,op_rate,ece,C
0.5,question/small-fails,small-fails,False,0.3610833333333333,0.6436288637013795,0.6512812811707237,15084.44018365969,0.6487508440243079,0.01120659297181381,0.3
0.5,question+evidence/small-fails,small-fails,False,0.3610833333333333,0.6618904612228751,0.658791227399152,6926.594149898717,0.2700877785280216,0.022809494512344812,0.3
0.5,evidence/small-fails,small-fails,False,0.3610833333333333,0.6608211599570752,0.6653337094853446,7750.029887913572,0.30222822417285616,0.030961208575016972,0.03
0.5,evidence+small/small-fails,small-fails,True,0.3610833333333333,0.6695051498337712,0.6790988089807843,11166.103308575286,0.4402430790006752,0.03161338698764577,0.03
0.5,question+evidence+small/small-fails,small-fails,True,0.3610833333333333,0.671374828078801,0.6703316570839905,8190.125428764348,0.31316677920324104,0.025597763631129238,0.3
0.5,question/large-helps,large-helps,False,0.17408333333333334,0.6469493421247554,0.6468496766733951,12286.507991897368,0.5182984469952735,0.010881313106128073,0.3
0.5,question+evidence/large-helps,large-helps,False,0.17408333333333334,0.6652083666955521,0.6592131800785221,5709.560113436867,0.2163403106009453,0.015134043917673045,0.3
0.5,evidence/large-helps,large-helps,False,0.17408333333333334,0.6623307585287349,0.6667967968595431,8618.568383524645,0.3458474004051317,0.013722957127146444,0.1
0.5,evidence+small/large-helps,large-helps,True,0.17408333333333334,0.6713341502962774,0.6687887016436287,7564.752388926401,0.2850776502363268,0.01756885151284836,0.03
0.5,question+evidence+small/large-helps,large-helps,True,0.17408333333333334,0.6726989144442869,0.6660570261012215,6642.710779203242,0.24780553679945982,0.022569223414492006,0.3
0.6,question/small-fails,small-fails,False,0.4036666666666667,0.6427900405056205,0.6555542242033179,16803.82352464551,0.725050641458474,0.02142590715433739,1.0
0.6,question+evidence/small-fails,small-fails,False,0.4036666666666667,0.6593510331782682,0.6593480487392592,8297.621461174882,0.33355840648210666,0.016872032965750065,1.0
0.6,evidence/small-fails,small-fails,False,0.4036666666666667,0.6607096784920901,0.665664138303282,7982.9411748818375,0.31289669142471305,0.03272120726908259,0.03
0.6,evidence+small/small-fails,small-fails,True,0.4036666666666667,0.6681518734110115,0.6773360753707299,11232.319616475355,0.4424037812288994,0.025818059004316732,0.03
0.6,question+evidence+small/small-fails,small-fails,True,0.4036666666666667,0.6690346940159818,0.6686248527472064,8469.16869682647,0.32464550979068196,0.01936255764601741,0.3
0.6,question/large-helps,large-helps,False,0.17641666666666667,0.6466050546595463,0.6437209635379297,11882.41797704254,0.4973666441593518,0.012085407877807656,0.3
0.6,question+evidence/large-helps,large-helps,False,0.17641666666666667,0.6653446925855118,0.6591628065642728,5804.626614449697,0.22052667116812963,0.014471393116112063,0.3
0.6,evidence/large-helps,large-helps,False,0.17641666666666667,0.6628532206936246,0.664110129248082,19148.14471303174,0.8307900067521945,0.014473151663945182,0.03
0.6,evidence+small/large-helps,large-helps,True,0.17641666666666667,0.6709491468372453,0.6698639666891839,7701.173542201215,0.29074949358541524,0.016624446282525848,0.03
0.6,question+evidence+small/large-helps,large-helps,True,0.17641666666666667,0.6720708758900148,0.6689738792089548,7055.652008102634,0.26441593517893314,0.0231511932871751,0.3
0.7,question/small-fails,small-fails,False,0.46316666666666667,0.6413475988534691,0.6572916465079246,19104.112124240375,0.8311951384199865,0.027449234842356156,1.0
0.7,question+evidence/small-fails,small-fails,False,0.46316666666666667,0.6563500167298986,0.6611430177953016,11395.292580688723,0.47508440243079003,0.019579987484975036,1.0
0.7,evidence/small-fails,small-fails,False,0.46316666666666667,0.6605884250386355,0.6630478413284434,6615.05248885888,0.25064145847400404,0.021053589804390944,0.03
0.7,evidence+small/small-fails,small-fails,True,0.46316666666666667,0.6668594060288557,0.6772780592407037,12488.017409858205,0.4961512491559757,0.02378418516779629,0.1
0.7,question+evidence+small/small-fails,small-fails,True,0.46316666666666667,0.6661869840419339,0.6704605067552797,9733.016442943956,0.37960837272113435,0.020237403107081164,0.3
0.7,question/large-helps,large-helps,False,0.16775,0.6475139936885719,0.6436221813568527,10557.770133693451,0.43889264010803514,0.013429581072480105,0.3
0.7,question+evidence/large-helps,large-helps,False,0.16775,0.6658397703139572,0.6589549904784728,5907.403305874409,0.22430790006752194,0.01605212928658917,0.3
0.7,evidence/large-helps,large-helps,False,0.16775,0.6624486964370547,0.666291420324457,8993.648696826469,0.36434841323430117,0.0174126445198428,0.03
0.7,evidence+small/large-helps,large-helps,True,0.16775,0.6714899846165204,0.6669219038754127,7153.924796758947,0.2667116812964213,0.015573193277567048,0.1
0.7,question+evidence+small/large-helps,large-helps,True,0.16775,0.6722957969341347,0.6648543640289942,6416.341725860905,0.2361917623227549,0.016653760443092264,0.3
0.8,question/small-fails,small-fails,False,0.4695,0.6413297203270428,0.6574976708834291,19313.411565158676,0.8395678595543552,0.017602736452767925,0.3
0.8,question+evidence/small-fails,small-fails,False,0.4695,0.6559492992298696,0.6614550997414147,11725.516785955435,0.4900742741390952,0.016514611577677408,1.0
0.8,evidence/small-fails,small-fails,False,0.4695,0.6605559323001499,0.6626645739093893,6644.580424037812,0.2522619851451722,0.02237614887169611,0.03
0.8,evidence+small/small-fails,small-fails,True,0.4695,0.6663578623268857,0.676281834368719,12656.595889264012,0.5038487508440244,0.023255531946483127,0.1
0.8,question+evidence+small/small-fails,small-fails,True,0.4695,0.6659262167472606,0.6695161572519278,9886.39402565834,0.3856853477380148,0.021172799337985247,0.3
0.8,question/large-helps,large-helps,False,0.16708333333333333,0.6477504283694977,0.6472574624472672,11505.012715732613,0.4812964213369345,0.014633730546943153,0.3
0.8,question+evidence/large-helps,large-helps,False,0.16708333333333333,0.6652583877207741,0.6601738151679257,5932.748596893992,0.22525320729237003,0.0161925721966998,0.3
0.8,evidence/large-helps,large-helps,False,0.16708333333333333,0.6625831557555979,0.6668799082863411,8502.707867656989,0.3411208642808913,0.016972329366536452,0.03
0.8,evidence+small/large-helps,large-helps,True,0.16708333333333333,0.6718388411304318,0.6667537420799722,7135.068769750169,0.26603646185010127,0.014625719251139351,0.1
0.8,question+evidence+small/large-helps,large-helps,True,0.16708333333333333,0.672440252346935,0.6646561340198256,6340.187003376098,0.2325455773126266,0.015968395741758352,0.3
0.9,question/small-fails,small-fails,False,0.5135,0.6413297203270427,0.6584518450010063,20167.017247805536,0.8788656313301824,0.011822163851529809,1.0
0.9,question+evidence/small-fails,small-fails,False,0.5135,0.6560379676774374,0.6617981161055488,17270.868008102632,0.7447670492910196,0.0098200846105014,1.0
0.9,evidence/small-fails,small-fails,False,0.5135,0.6604892473956848,0.6633635868028654,6669.814066171505,0.25320729237002026,0.014896140032073579,0.03
0.9,evidence+small/small-fails,small-fails,True,0.5135,0.6653701998252681,0.6757920480652935,13385.839665091155,0.5355840648210668,0.014589925538978223,0.1
0.9,question+evidence+small/small-fails,small-fails,True,0.5135,0.6647206926910791,0.6670176114583112,9031.369312626604,0.3477380148548278,0.010852283139840675,0.3
0.9,question/large-helps,large-helps,False,0.15591666666666668,0.6486656820207537,0.6458796043300082,11060.231470627952,0.4599594868332208,0.009043075347982595,0.3
0.9,question+evidence/large-helps,large-helps,False,0.15591666666666668,0.6659620051793755,0.6592914894510286,5832.465026333558,0.2199864956110736,0.012055576044966208,0.3
0.9,evidence/large-helps,large-helps,False,0.15591666666666668,0.6626773659776285,0.6666363421143482,8090.565309925726,0.3222147197839298,0.010310533507885815,0.03
0.9,evidence+small/large-helps,large-helps,True,0.15591666666666668,0.6710754250920056,0.668093858936632,7625.265787981093,0.287913571910871,0.017145440441390925,0.1
0.9,question+evidence+small/large-helps,large-helps,True,0.15591666666666668,0.6721374366965849,0.6679105773638663,6431.93159756921,0.2361917623227549,0.01812136066645858,0.3
1.0,question/small-fails,small-fails,False,0.515,0.6413297203270428,0.6590505395767434,20243.89683187036,0.8821066846725185,0.012331855676845202,1.0
1.0,question+evidence/small-fails,small-fails,False,0.515,0.6562712478237287,0.662678745716766,18853.72158811614,0.8186360567184335,0.008951795073690106,1.0
1.0,evidence/small-fails,small-fails,False,0.515,0.6605319539227296,0.6628517061559408,6674.863810938556,0.25334233625928426,0.01561784567075335,0.1
1.0,evidence+small/small-fails,small-fails,True,0.515,0.6648996795901099,0.6755238894851834,13509.04184199865,0.5416610398379473,0.015204323880100293,0.1
1.0,question+evidence+small/small-fails,small-fails,True,0.515,0.6644470190415807,0.666667921385461,9131.457318028359,0.35192437542201216,0.010766853474978341,0.3
1.0,question/large-helps,large-helps,False,0.15541666666666668,0.6490471606783321,0.650256566332581,13847.678833220798,0.588116137744767,0.008502317795638158,0.3
1.0,question+evidence/large-helps,large-helps,False,0.15541666666666668,0.6658900976418448,0.6596556987281346,5926.575605671843,0.22444294395678596,0.013355805786415454,0.3
1.0,evidence/large-helps,large-helps,False,0.15541666666666668,0.6624581817388013,0.6660294234871731,9204.729615124917,0.37191087103308573,0.009982715022095322,0.01
1.0,evidence+small/large-helps,large-helps,True,0.15541666666666668,0.6708001468972482,0.6688497089835017,7742.164099932477,0.29331532748143146,0.0166993775628405,0.3
1.0,question+evidence+small/large-helps,large-helps,True,0.15541666666666668,0.6725158384032687,0.6680321168642038,6578.040081026334,0.24240378122889938,0.01772351692180792,0.3
